Lines,Lon,VehicleNumber,Time,Lat
225,21.115596,1000,2024-02-13 18:12:18,52.234521
213,21.1887211,1001,2024-02-13 20:10:46,52.1498538
225,21.1156568,1002,2024-02-13 18:43:11,52.2345381
213,21.102203,1003,2024-02-13 20:10:52,52.2228641
213,21.0938421,1004,2024-02-13 20:10:46,52.2271586
213,21.227654,1005,2024-02-13 20:10:46,52.172276
219,21.1592786,1006,2024-02-13 20:10:49,52.2119568
225,21.1157425,1007,2024-02-13 20:10:50,52.2348519
L-8,20.9413496,10071,2024-02-13 20:10:49,52.4006616
L31,21.0346448,10072,2024-02-13 20:10:51,52.4202188
L49,20.9411286,10073,2024-02-13 20:10:52,52.3588911
L23,21.0282481,10074,2024-02-13 20:10:51,52.074466
L-8,21.1586565,10075,2024-02-13 19:45:59,52.4321228
213,21.169279,1008,2024-02-13 20:10:50,52.1981063
311,21.0726171,1009,2024-02-13 20:10:48,52.25187
219,21.1018228,1010,2024-02-13 20:10:48,52.2228815
213,21.115073,1011,2024-02-13 13:53:42,52.234709
219,21.0938388,1012,2024-02-13 20:10:51,52.227345
225,21.115611,1013,2024-02-13 17:39:03,52.234524
219,21.1769128,1014,2024-02-13 20:10:48,52.1842016
163,20.995926,1020,2024-02-13 19:24:23,52.188526
263,21.001301,1021,2024-02-13 20:10:50,52.188976
339,20.995956,1022,2024-02-13 19:33:37,52.188522
239,20.9956924,1023,2024-02-13 20:10:52,52.1875224
192,20.9960824,1024,2024-02-13 20:10:52,52.1871354
108,21.0447179,1025,2024-02-13 20:10:51,52.2160502
108,21.064489,1026,2024-02-13 20:10:50,52.186237
208,20.995457,1027,2024-02-13 20:10:52,52.187069
108,21.059303,1028,2024-02-13 20:10:52,52.212769
108,21.064486,1029,2024-02-13 20:10:51,52.186008
163,20.995796,1030,2024-02-13 19:19:52,52.188503
339,20.997938,1031,2024-02-13 20:10:52,52.186169
339,20.995953,1032,2024-02-12 06:33:42,52.187172
192,20.9958722,1034,2024-02-13 20:05:53,52.1884846
208,20.995937,1035,2024-02-13 20:10:49,52.188408
200,20.995565,1036,2024-02-13 20:10:49,52.188187
339,20.997866,1037,2024-02-13 19:36:37,52.186352
163,20.9960204,1038,2024-02-13 20:10:45,52.188471
200,20.995634,1039,2024-02-13 19:09:41,52.188541
204,21.045345,1040,2024-02-13 18:16:44,52.264453
107,20.979064,1041,2024-02-13 20:10:36,52.24457
204,21.044619,1042,2024-02-13 19:18:36,52.264863
107,21.0088483,1043,2024-02-13 20:10:46,52.234925
107,21.0464,1044,2024-02-13 20:10:41,52.2068417
107,21.0461983,1045,2024-02-13 20:10:39,52.2002917
204,21.067315,1046,2024-02-13 20:10:40,52.32407
204,21.045621,1048,2024-02-13 18:59:06,52.264361
204,21.057674,1049,2024-02-13 20:10:36,52.324191
208,20.9737533,1050,2024-02-13 20:10:37,52.20804
208,20.975653,1051,2024-02-13 20:10:45,52.210351
228,20.921326,1053,2024-02-13 16:34:58,52.197151
228,20.979281,1054,2024-02-13 20:10:37,52.184171
228,20.892983,1055,2024-02-13 20:10:31,52.20027
207,20.918528,1056,2024-02-13 08:52:19,52.196728
207,20.919635,1058,2024-02-13 07:31:20,52.1969033
228,20.9283066,1059,2024-02-13 20:10:49,52.2143266
208,20.948921,1060,2024-02-13 20:10:52,52.209553
108,21.0234596,1061,2024-02-13 20:10:51,52.2283856
164,20.99538,1062,2024-02-13 20:10:51,52.188251
192,20.99589,1063,2024-02-13 20:10:49,52.187481
208,20.9950506,1064,2024-02-13 19:18:54,52.1883474
164,20.9957009,1065,2024-02-13 20:10:52,52.1884511
107,20.990488,1066,2024-02-13 20:10:51,52.244587
209,20.995083,1067,2024-02-13 19:59:06,52.188202
239,20.9955789,1068,2024-02-13 20:10:52,52.1880177
107,21.0831715,1069,2024-02-13 20:10:52,52.1907862
107,21.019757,1070,2024-02-13 20:10:51,52.2237345
192,21.0074892,1071,2024-02-13 20:10:51,52.1890282
192,20.99795,1072,2024-02-13 20:10:51,52.186157
107,21.036652,1073,2024-02-13 20:10:50,52.221943
208,20.9951117,1074,2024-02-13 11:09:26,52.1883895
263,21.085558,1075,2024-02-13 20:10:50,52.159317
108,21.023794,1076,2024-02-13 20:10:50,52.179741
200,20.9961407,1077,2024-02-13 19:34:55,52.187068
107,21.0734924,1078,2024-02-13 20:10:48,52.1910957
192,20.995636,1079,2024-02-13 19:13:54,52.188484
106,21.0460728,1101,2024-02-13 17:18:53,52.2649525
338,21.045216,1102,2024-02-13 18:24:31,52.264556
170,21.0446093,1106,2024-02-13 18:35:24,52.2648708
338,21.04494,1109,2024-02-13 18:42:13,52.264726
338,21.0446775,1110,2024-02-13 18:27:50,52.2646855
178,21.047205,1112,2024-02-13 20:10:48,52.263693
106,21.0445693,1115,2024-02-13 19:06:40,52.2645686
181,21.046565,1117,2024-02-13 17:03:32,52.264018
169,21.0419606,1118,2024-02-13 20:10:45,52.2925426
240,21.059666,1119,2024-02-13 20:10:37,52.304026
L27,21.1805416,11201,2024-02-13 18:57:11,52.4218813
L27,21.180492,11202,2024-02-13 19:40:24,52.4218688
251,21.02404,1200,2024-02-13 20:10:48,52.1796
166,21.034218,1201,2024-02-13 20:10:50,52.255688
251,21.034399,1202,2024-02-13 20:10:51,52.177174
218,21.0016304,1203,2024-02-13 20:10:50,52.1832769
106,21.016834,1204,2024-02-13 20:10:48,52.239847
106,20.965744,1205,2024-02-13 20:10:49,52.234665
168,20.995634,1206,2024-02-13 20:10:47,52.193409
263,21.048935,1208,2024-02-13 20:10:49,52.178295
263,21.0821636,1209,2024-02-13 20:10:48,52.1582294
263,21.0858007,1211,2024-02-13 20:10:52,52.1828607
166,21.0460534,1212,2024-02-13 20:10:51,52.1863884
739,20.9955579,1213,2024-02-13 19:28:32,52.1884704
166,20.9979141,1214,2024-02-13 19:04:03,52.1863109
106,20.965076,1216,2024-02-13 20:10:33,52.247791
106,20.9661145,1217,2024-02-13 20:10:51,52.2331962
168,21.029522,1218,2024-02-13 20:10:48,52.208496
739,20.995817,1219,2024-02-13 20:10:51,52.188049
106,21.0193977,1220,2024-02-13 20:10:52,52.2463422
118,21.0301327,1221,2024-02-13 20:10:52,52.2301394
319,20.9979386,1222,2024-02-13 13:30:54,52.1863912
263,21.034761,1223,2024-02-13 20:10:49,52.150974
218,21.01284,1224,2024-02-13 20:10:52,52.188999
117,21.0204176,1400,2024-02-13 20:10:47,52.2318166
197,20.9478236,1401,2024-02-13 20:10:46,52.2771551
147,21.052448,1411,2024-02-13 20:10:49,52.250309
115,21.15818,1412,2024-02-13 20:10:51,52.234447
119,21.2055872,1413,2024-02-13 20:10:52,52.2100554
146,21.117068,1414,2024-02-13 16:11:26,52.232981
702,21.1150061,1415,2024-02-13 07:15:08,52.234655
153,21.1538914,1416,2024-02-13 20:10:52,52.2672686
119,21.0001397,1417,2024-02-13 20:10:45,52.2031249
117,21.101057,1418,2024-02-13 20:10:49,52.222748
319,21.115016,1419,2024-02-13 15:36:06,52.234498
730,21.114394,1420,2024-02-13 19:50:44,52.234065
117,21.102415,1421,2024-02-13 20:10:52,52.222191
119,21.000242,1422,2024-02-13 20:10:51,52.206097
153,21.177254,1424,2024-02-13 20:10:49,52.25687
183,21.1917387,1425,2024-02-13 20:10:51,52.2387472
153,21.151152,1426,2024-02-13 20:10:46,52.270786
123,21.118126,1427,2024-02-13 20:10:48,52.233517
146,21.104729,1428,2024-02-13 20:10:43,52.211929
142,21.1170789,1429,2024-02-13 20:10:51,52.2330149
183,21.116718,1430,2024-02-13 20:10:51,52.2330824
303,21.0455475,1500,2024-02-13 17:43:38,52.2644845
240,21.1188491,1501,2024-02-13 20:10:49,52.3382548
303,21.045461,1502,2024-02-13 18:09:43,52.2643183
170,21.0460796,1505,2024-02-13 16:27:11,52.2645338
118,21.0156031,1506,2024-02-13 20:10:46,52.219226
118,21.0449071,1508,2024-02-13 19:13:51,52.2646406
166,21.0416521,1509,2024-02-13 20:10:51,52.2650638
166,21.068204,1513,2024-02-13 20:10:50,52.129289
173,21.1695846,1519,2024-02-13 20:10:45,52.2428081
168,21.0974433,1520,2024-02-13 20:10:41,52.2348367
146,21.1678317,1521,2024-02-13 20:10:50,52.20471
319,21.116771,1522,2024-02-13 20:04:18,52.233086
147,21.20473,1523,2024-02-13 20:10:38,52.209715
146,21.1752317,1524,2024-02-13 20:10:44,52.157905
146,21.04585,1525,2024-02-13 20:10:39,52.2481417
168,21.117294,1526,2024-02-13 18:52:49,52.233056
730,21.377714,1527,2024-02-13 20:10:41,52.199416
115,21.2131283,1528,2024-02-13 20:10:41,52.1612483
319,21.116965,1529,2024-02-13 19:47:15,52.233023
183,21.116058,1530,2024-02-13 15:42:25,52.234315
218,21.0242833,1532,2024-02-13 20:10:47,52.1797517
218,21.0240483,1533,2024-02-13 20:10:40,52.194735
739,20.995468,1534,2024-02-13 17:08:46,52.188096
218,21.003,1535,2024-02-13 20:10:40,52.178176
123,21.046196,1536,2024-02-13 19:36:26,52.264588
166,21.023306,1537,2024-02-13 20:10:42,52.226706
122,20.9774333,1538,2024-02-13 20:10:48,52.2666583
126,20.9631667,1539,2024-02-13 20:10:38,52.3175883
123,21.0511517,1540,2024-02-13 20:10:39,52.2525933
166,21.044385,1541,2024-02-13 20:10:50,52.1566217
122,20.91305,1542,2024-02-13 20:10:43,52.2382467
736,20.9819833,1543,2024-02-13 20:10:38,52.3911083
122,20.90657,1544,2024-02-13 20:10:37,52.2281817
123,21.066731,1545,2024-02-13 20:10:34,52.226241
170,21.0478883,1546,2024-02-13 20:10:52,52.264495
181,20.902233,1548,2024-02-13 20:10:44,52.298156
123,21.052526,1549,2024-02-13 20:10:42,52.250231
122,21.045368,1550,2024-02-13 20:03:20,52.264859
338,21.046736,1551,2024-02-13 17:53:28,52.263979
181,20.9558283,1552,2024-02-13 20:10:37,52.2791367
122,20.9134933,1553,2024-02-13 20:10:49,52.2388517
178,21.045108,1554,2024-02-13 17:31:15,52.265131
123,21.045805,1555,2024-02-13 19:39:40,52.264236
169,21.0477946,1800,2024-02-13 20:10:45,52.2522233
212,21.0474926,1801,2024-02-13 16:09:14,52.2644918
338,21.0482988,1802,2024-02-13 18:44:05,52.2640465
118,21.0443381,1803,2024-02-13 13:34:11,52.264707
118,21.023982,1804,2024-02-13 20:10:43,52.223891
156,21.0468018,1805,2024-02-13 20:10:50,52.2824485
303,21.0449318,1806,2024-02-13 18:35:01,52.2646331
170,21.0219716,1807,2024-02-13 20:10:51,52.2623618
126,21.0568411,1808,2024-02-13 20:10:48,52.302323
106,21.0442813,1809,2024-02-13 19:40:12,52.2648986
169,21.0418326,1810,2024-02-13 20:10:46,52.3001005
166,21.0298838,1811,2024-02-13 20:10:48,52.2614445
166,21.0746495,1812,2024-02-13 20:10:47,52.1339125
197,20.94217,1813,2024-02-13 20:10:42,52.226136
126,21.0003986,1814,2024-02-13 20:10:49,52.315277
197,21.0462598,1815,2024-02-13 17:55:02,52.2639233
169,21.0427173,1816,2024-02-13 20:10:45,52.2731406
170,21.0346205,1817,2024-02-13 20:10:49,52.2552425
170,21.0442453,1818,2024-02-13 20:10:47,52.2650513
166,21.0447578,1819,2024-02-13 17:08:09,52.264753
115,21.170326,1830,2024-02-13 20:10:50,52.2770231
156,21.0211133,1833,2024-02-13 20:10:48,52.287194
115,21.160318,1835,2024-02-13 20:10:35,52.240831
173,21.2513535,1838,2024-02-13 20:10:50,52.2492928
156,21.0837038,1839,2024-02-13 20:10:46,52.2722438
730,21.097722,1840,2024-02-13 20:10:50,52.2433978
173,21.2176688,1842,2024-02-13 20:10:51,52.2144588
183,21.1397506,1843,2024-02-13 20:10:11,52.2447645
170,21.080677,1844,2024-02-13 20:10:47,52.2776253
115,21.1163781,1845,2024-02-13 20:10:47,52.2350021
170,21.0805213,1846,2024-02-13 20:10:43,52.2773021
173,21.1158851,1848,2024-02-13 10:50:16,52.2333001
173,21.160598,1849,2024-02-13 20:10:45,52.2259703
115,21.2241656,1851,2024-02-13 20:10:43,52.1692528
173,21.254115,1855,2024-02-13 20:10:51,52.2348895
156,21.0547255,1856,2024-02-13 20:10:48,52.2538865
117,21.0052576,1857,2024-02-13 20:10:50,52.2296171
722,21.3120285,1858,2024-02-13 20:10:51,52.153874
173,21.1065985,1859,2024-02-13 20:10:44,52.2413335
173,21.087035,1862,2024-02-13 20:10:49,52.2451773
183,21.1713103,1863,2024-02-13 20:10:49,52.251448
183,21.101151,1869,2024-02-13 20:10:37,52.242571
222,20.995263,1901,2024-02-13 14:30:37,52.186133
222,21.0007752,1904,2024-02-13 20:10:52,52.1890141
222,20.995619,1906,2024-02-13 20:10:33,52.19149
251,21.1230691,1907,2024-02-13 20:10:51,52.08949
222,20.995443,1908,2024-02-13 15:42:14,52.185978
106,20.9936869,1909,2024-02-13 20:10:51,52.1965417
331,20.995499,1910,2024-02-13 18:33:58,52.186048
222,21.004965,1911,2024-02-13 20:10:47,52.244781
222,20.9973147,1912,2024-02-13 10:23:53,52.1860062
222,21.018253,1914,2024-02-13 20:10:51,52.21949
739,20.9951684,1915,2024-02-13 20:10:52,52.1868544
119,20.995243,1916,2024-02-13 20:10:33,52.186778
251,21.110895,1917,2024-02-13 20:10:47,52.111885
222,21.0048237,1918,2024-02-13 20:10:52,52.2448164
119,21.046169,1919,2024-02-13 20:10:47,52.200195
222,21.023396,1920,2024-02-13 20:10:48,52.216743
331,20.995285,1990,2024-02-13 20:10:51,52.186424
331,20.995373,1991,2024-02-13 20:00:52,52.186483
739,20.995488,1992,2024-02-13 12:01:21,52.18618
331,20.995235,1993,2024-02-13 20:10:48,52.186424
331,20.995201,1994,2024-02-13 20:10:51,52.186127
331,20.9952877,1996,2024-02-13 20:10:50,52.1861695
166,20.9952956,1997,2024-02-13 13:42:47,52.1864084
193,20.9972324,2000,2024-02-13 20:07:42,52.1877324
189,20.91453,2001,2024-02-13 20:10:50,52.229038
710,21.0790296,2002,2024-02-13 20:10:51,52.1303534
522,21.0027071,2004,2024-02-13 20:10:50,52.2295672
189,21.0437512,2005,2024-02-13 20:10:50,52.1741179
319,20.9967542,2006,2024-02-08 11:45:23,52.1857972
402,20.9979989,2007,2024-02-13 08:07:26,52.1858672
189,20.994034,2008,2024-02-13 20:10:51,52.179874
189,20.976318,2009,2024-02-13 20:10:51,52.184113
709,21.02367,2010,2024-02-13 20:10:49,52.081501
189,20.896271,2012,2024-02-13 20:10:51,52.239056
501,21.051807,2013,2024-02-13 20:10:50,52.179127
127,21.036556,2014,2024-02-13 20:10:48,52.232016
136,20.9970549,2016,2024-02-13 15:02:48,52.1859914
709,21.018269,2017,2024-02-13 20:10:50,52.124664
L50,21.078305,20174,2024-02-13 19:21:57,52.2677485
138,20.9966494,2018,2024-02-13 16:46:25,52.1863277
319,20.9973977,2019,2024-02-13 19:33:36,52.1873917
138,21.088642,2020,2024-02-13 20:10:50,52.260666
141,20.978996,2021,2024-02-13 20:10:52,52.183441
525,21.09882,2022,2024-02-13 20:10:47,52.234795
504,21.003904,2023,2024-02-13 20:10:52,52.229321
525,20.9962054,2024,2024-02-13 13:08:49,52.1864009
189,21.0018039,2025,2024-02-13 20:10:50,52.188962
709,20.9963555,2026,2024-02-13 20:10:52,52.1877509
501,21.051846,2027,2024-02-13 20:10:52,52.179234
331,20.996862,2028,2024-02-13 13:08:51,52.186432
709,21.0244406,2029,2024-02-13 20:10:51,52.1799399
189,20.9166607,2030,2024-02-13 20:10:47,52.2250775
189,21.06885,2031,2024-02-13 20:10:52,52.181278
402,21.001751,2032,2024-02-13 20:10:34,52.178288
319,20.9973921,2033,2024-02-13 20:10:51,52.1873394
165,20.992199,2034,2024-02-13 20:10:51,52.164204
522,20.9966595,2036,2024-02-13 19:43:29,52.1877021
522,20.9978682,2037,2024-02-13 19:08:22,52.1877134
522,20.9971187,2038,2024-02-13 19:57:45,52.1868022
401,20.9965012,2039,2024-02-13 20:10:51,52.1863475
401,20.99737,2040,2024-02-13 19:20:04,52.187481
709,20.997282,2041,2024-02-13 19:48:12,52.187656
401,20.997354,2042,2024-02-13 19:17:13,52.187543
217,21.059189,2044,2024-02-13 20:10:49,52.148899
174,20.996975,2045,2024-02-13 18:53:20,52.187695
522,20.9972257,2046,2024-02-13 19:42:38,52.1878311
177,20.920958,2200,2024-02-13 19:52:02,52.19651
716,20.84037,2201,2024-02-13 20:10:52,52.187477
124,20.931171,2202,2024-02-13 20:10:46,52.162876
523,20.922548,2203,2024-02-13 16:52:29,52.19639
717,20.918553,2204,2024-02-11 13:33:04,52.196629
187,20.9199489,2205,2024-02-13 20:10:52,52.1974325
719,20.586367,2206,2024-02-13 20:10:48,52.257545
191,20.9185685,2207,2024-02-13 20:10:49,52.1966664
105,20.921495,2208,2024-02-13 20:10:38,52.196416
105,20.9416637,2209,2024-02-13 20:10:50,52.2261624
401,20.995743,2210,2024-02-13 20:10:50,52.179703
136,21.0529447,2211,2024-02-13 20:10:51,52.1460614
184,20.922308,2212,2024-02-13 20:06:32,52.197126
401,20.9077222,2214,2024-02-13 20:10:49,52.1923557
148,20.919654,2216,2024-02-13 18:12:03,52.196911
188,21.0877909,2217,2024-02-13 20:10:50,52.2501654
517,21.043262,2218,2024-02-13 20:10:50,52.222996
523,20.99124,2219,2024-02-13 20:10:49,52.216274
187,21.044153,2220,2024-02-13 20:10:50,52.223209
184,20.932785,2221,2024-02-13 20:10:48,52.268646
184,20.920336,2222,2024-02-13 16:22:33,52.196613
136,20.965246,2223,2024-02-13 20:10:52,52.247719
136,21.0465766,2224,2024-02-13 20:10:52,52.150577
184,20.922991,2225,2024-02-13 20:10:43,52.196055
105,20.9007756,2226,2024-02-13 20:10:52,52.2389915
177,20.9195697,2227,2024-02-13 19:24:05,52.1974036
517,20.926512,2228,2024-02-13 20:10:51,52.196098
136,20.9620954,2229,2024-02-13 20:10:50,52.2161277
177,20.897511,2230,2024-02-13 20:10:47,52.227665
191,20.982061,2231,2024-02-13 20:10:52,52.217537
191,20.870419,2232,2024-02-13 20:10:49,52.183578
401,20.922435,2233,2024-02-13 20:10:40,52.197106
105,20.920886,2234,2024-02-13 20:10:43,52.1965
401,20.920754,2235,2024-02-13 19:34:27,52.196546
401,20.963112,2236,2024-02-13 20:10:47,52.188702
171,20.921448,2237,2024-02-12 12:34:07,52.197262
401,20.922873,2238,2024-02-13 11:10:26,52.195981
184,20.935774,2239,2024-02-13 20:10:51,52.288193
177,20.919916,2240,2024-02-13 20:10:51,52.197445
191,20.91563,2241,2024-02-13 20:10:51,52.205254
401,20.862503,2242,2024-02-13 20:10:52,52.19022
716,20.92122,2243,2024-02-13 20:10:34,52.196444
716,20.920715,2244,2024-02-13 19:26:19,52.196534
186,20.921526,2246,2024-02-13 20:10:33,52.196346
523,21.084269,2247,2024-02-13 20:10:48,52.24625
717,20.923014,2248,2024-02-13 16:50:33,52.195968
523,21.106651,2249,2024-02-13 20:10:46,52.247784
401,21.011532,2250,2024-02-13 20:10:50,52.174515
177,20.8963454,2251,2024-02-13 20:10:51,52.216043
733,20.920045,2253,2024-02-13 14:58:59,52.196744
716,20.8679704,2254,2024-02-13 20:10:52,52.2102052
172,21.0470327,2255,2024-02-13 20:10:51,52.1898652
401,20.980106,2256,2024-02-13 20:10:49,52.182934
717,20.92255,2257,2024-02-13 20:10:47,52.197081
523,20.8914659,2258,2024-02-13 20:10:49,52.2060464
136,21.0206135,2259,2024-02-13 20:10:52,52.1661889
L20,21.0780225,25181,2024-02-13 20:10:52,52.2677756
L20,21.4637581,25183,2024-02-13 06:11:32,52.1329718
L22,21.2627678,25184,2024-02-13 20:10:51,52.1079535
L20,21.4834293,25185,2024-02-13 17:33:33,52.1323533
L51,21.2665866,25188,2024-02-13 20:10:47,52.1016793
L22,21.244453,25189,2024-02-13 18:03:50,52.0828761
190,20.9805563,3400,2024-02-13 20:10:47,52.2381793
112,20.906703,3401,2024-02-13 20:10:51,52.228443
520,21.0457231,3402,2024-02-13 20:10:49,52.2651931
245,21.041789,3403,2024-02-13 20:10:42,52.300359
518,21.0483998,3404,2024-02-13 19:56:03,52.2646158
509,20.9633678,3405,2024-02-13 20:10:47,52.3176815
190,21.002608,3406,2024-02-13 20:10:50,52.244718
190,21.0463346,3407,2024-02-13 20:10:50,52.2597738
527,21.0471826,3408,2024-02-13 20:10:48,52.264507
127,21.0204665,3409,2024-02-13 20:10:47,52.2430868
731,20.9250258,3410,2024-02-13 20:10:49,52.3905233
509,21.0480199,3411,2024-02-13 20:10:49,52.2646512
145,21.0472475,3412,2024-02-13 20:10:20,52.2635253
500,20.982005,3413,2024-02-13 20:10:48,52.2531366
509,21.0473581,3414,2024-02-13 20:10:50,52.2467985
120,21.047773,3415,2024-02-13 20:10:41,52.32865
132,21.0486411,3416,2024-02-13 19:12:06,52.2646153
140,21.0681968,3417,2024-02-13 20:10:47,52.2781043
512,21.0474385,3418,2024-02-13 20:10:48,52.2640206
340,21.0466118,3419,2024-02-13 18:53:10,52.2648466
512,21.0496683,3420,2024-02-13 20:10:51,52.2860516
102,21.044498,3421,2024-02-13 20:10:32,52.248696
190,21.047088,3423,2024-02-13 11:43:50,52.2645733
132,21.0460621,3424,2024-02-13 15:12:16,52.2648736
112,21.0237505,3425,2024-02-13 20:10:51,52.2927741
160,21.0485379,3426,2024-02-13 20:10:49,52.2646527
160,21.0490408,3427,2024-02-13 20:10:48,52.2898018
731,20.9372158,3428,2024-02-13 20:10:47,52.3699476
500,21.0418076,3429,2024-02-13 20:10:49,52.3003166
509,21.0858945,3430,2024-02-13 20:10:51,52.2260051
738,21.0485936,3431,2024-02-13 19:18:38,52.264612
509,21.042526,3432,2024-02-13 20:10:49,52.2496961
340,21.0466875,3433,2024-02-13 19:04:01,52.2646553
735,21.023628,3434,2024-02-13 20:10:38,52.320759
527,21.0465062,3435,2024-02-13 19:25:07,52.265207
509,21.0744903,3436,2024-02-13 20:10:48,52.2255941
738,21.1960255,3437,2024-02-13 20:10:51,52.4035133
Z26,20.9316666,3438,2024-02-13 20:10:46,52.2239081
102,21.044236,3439,2024-02-13 19:59:04,52.2659978
140,21.1206235,3440,2024-02-13 20:10:49,52.3617936
527,21.047505,3441,2024-02-13 19:30:01,52.2645055
120,21.0472975,3442,2024-02-13 20:10:49,52.2638923
723,21.0460103,3443,2024-02-13 18:25:25,52.2645985
414,20.9476743,3444,2024-02-13 20:10:47,52.2006021
705,20.9673755,3445,2024-02-13 20:10:41,52.2715271
500,21.0459213,3446,2024-02-13 12:20:05,52.2649363
145,21.0722366,3447,2024-02-13 20:10:51,52.2891933
414,20.9568318,3448,2024-02-13 20:10:49,52.230524
112,20.8835045,3449,2024-02-13 20:10:52,52.2163353
518,21.0485953,3450,2024-02-13 18:56:52,52.2646691
112,20.9339714,3451,2024-02-13 20:10:47,52.271534
120,21.0603896,3452,2024-02-13 20:10:50,52.2687788
738,21.117755,3453,2024-02-13 20:10:47,52.3385441
509,21.0478408,3454,2024-02-13 20:10:51,52.2461636
705,21.0298338,3455,2024-02-13 20:10:47,52.3849645
199,21.1796995,3456,2024-02-13 20:10:47,52.26912
509,20.986954,3457,2024-02-13 20:10:49,52.304968
414,20.9526351,3458,2024-02-13 20:10:43,52.1994725
518,21.047148,3459,2024-02-13 09:43:02,52.264891
414,20.9914748,3460,2024-02-13 20:10:49,52.285503
500,21.0237466,3461,2024-02-13 20:10:51,52.2647361
120,21.0586616,3462,2024-02-13 20:10:52,52.2695771
511,21.0482903,3463,2024-02-13 18:08:46,52.2642328
132,21.056301,3464,2024-02-13 20:10:40,52.305458
120,21.0530848,3465,2024-02-13 20:10:50,52.2967033
245,21.0466956,3466,2024-02-13 18:53:06,52.2648288
738,21.1023241,3467,2024-02-13 20:10:49,52.319529
138,21.0151215,3468,2024-02-13 20:10:48,52.2042368
162,21.085048,3469,2024-02-13 20:10:50,52.1932783
L12,21.0346893,35131,2024-02-12 20:46:08,52.0831946
L-2,20.898533,35132,2024-02-13 20:10:51,52.0079051
L12,21.0294036,35133,2024-02-13 19:59:49,52.0752043
L-5,20.8976338,35134,2024-02-13 20:10:47,52.0564838
L25,21.1328801,35136,2024-02-13 20:10:35,51.9680613
L-5,21.0071741,35137,2024-02-13 20:10:51,52.0548035
L12,21.0264605,35138,2024-02-13 20:10:47,52.0755165
L13,21.0351831,35139,2024-02-10 15:10:49,52.0832828
L-2,21.035279,35140,2024-02-13 09:15:33,52.0833701
L-2,21.034132,35141,2024-02-12 14:14:11,51.9594601
L13,21.0351041,35155,2024-02-13 18:36:53,52.0835468
L13,20.9892281,35159,2024-02-13 20:10:51,52.0490463
207,20.922325,4200,2024-02-13 13:50:21,52.196587
249,20.8962916,4201,2024-02-13 20:10:52,52.2389201
207,20.8930616,4202,2024-02-13 20:10:52,52.2003611
122,20.920603,4203,2024-02-13 20:10:52,52.256939
178,21.017485,4204,2024-02-13 20:10:48,52.23703
729,20.7436742,4205,2024-02-13 20:10:52,52.2821934
220,20.921846,4206,2024-02-13 20:10:51,52.196896
154,20.9203615,4207,2024-02-13 15:24:16,52.196886
714,20.843206,4208,2024-02-13 20:10:52,52.2506902
154,20.922062,4209,2024-02-13 19:07:18,52.196491
129,20.94816,4210,2024-02-13 20:10:52,52.238689
129,20.899715,4211,2024-02-13 20:10:51,52.194889
154,20.919264,4213,2024-02-13 16:27:38,52.196728
122,20.914307,4214,2024-02-13 20:10:49,52.236069
207,20.921753,4215,2024-02-13 20:09:32,52.19656
178,20.916805,4216,2024-02-13 20:10:48,52.189106
207,20.907736,4217,2024-02-13 20:10:50,52.19175
178,20.968266,4218,2024-02-13 20:10:52,52.228836
154,20.9204141,4219,2024-02-13 08:01:36,52.1968796
178,20.92207,4220,2024-02-13 19:03:40,52.196529
207,20.882103,4221,2024-02-13 20:10:50,52.198067
255,20.931007,4223,2024-02-13 20:10:51,52.225319
122,20.922066,4224,2024-02-13 19:40:49,52.196487
207,20.883066,4225,2024-02-13 20:10:50,52.195496
154,20.980043,4226,2024-02-13 20:10:51,52.18787
122,20.900442,4227,2024-02-13 20:10:52,52.227936
154,20.9221642,4228,2024-02-13 19:00:56,52.1964714
207,20.690706,4229,2024-02-13 15:48:17,52.213745
729,20.915891,4230,2024-02-13 20:10:38,52.205388
122,20.900782,4231,2024-02-13 20:10:50,52.23914
154,20.9637595,4232,2024-02-13 20:10:52,52.2170615
129,20.939079,4233,2024-02-13 20:10:51,52.245811
249,20.939098,4234,2024-02-13 20:10:49,52.246239
149,20.921963,4235,2024-02-13 19:39:12,52.196533
197,20.930305,4236,2024-02-13 20:10:52,52.256351
249,20.946186,4237,2024-02-13 20:10:52,52.238949
197,20.942978,4238,2024-02-13 20:10:48,52.246265
255,20.9310827,4239,2024-02-13 20:10:52,52.2251769
178,20.896526,4240,2024-02-13 20:10:51,52.186798
178,20.9223357,4241,2024-02-13 16:47:19,52.1964144
255,20.9193977,4242,2024-02-13 18:16:49,52.1975225
122,20.92024,4243,2024-02-13 18:15:32,52.196869
197,20.9223019,4244,2024-02-13 17:21:20,52.1964499
197,20.960155,4245,2024-02-13 20:10:50,52.281532
154,20.977615,4246,2024-02-13 20:10:50,52.180099
160,20.921898,4247,2024-02-13 20:10:49,52.197029
154,20.921831,4248,2024-02-13 20:09:38,52.196552
178,20.980511,4249,2024-02-13 20:10:51,52.229496
168,21.1169864,4300,2024-02-13 20:10:52,52.2344051
146,21.116983,4301,2024-02-13 19:40:07,52.233138
173,21.1256272,4302,2024-02-13 20:10:51,52.2349874
146,21.115943,4303,2024-02-13 19:33:20,52.234234
702,21.1428646,4304,2024-02-13 20:10:52,52.1866964
119,21.0575254,4305,2024-02-13 20:10:51,52.2006877
119,21.1333726,4306,2024-02-13 20:10:51,52.2099524
153,21.114878,4307,2024-02-13 18:39:15,52.234526
153,21.1770642,4308,2024-02-13 20:10:43,52.256934
147,21.1969537,4309,2024-02-13 20:10:51,52.2080254
702,21.2650594,4310,2024-02-13 20:10:51,52.1036889
183,21.0871434,4311,2024-02-13 20:10:51,52.2446925
146,21.2046804,4312,2024-02-13 20:10:52,52.1594797
173,21.0732754,4313,2024-02-13 20:10:52,52.251884
162,21.11598,4314,2024-02-13 16:05:38,52.234684
153,21.115794,4315,2024-02-13 17:48:27,52.233251
168,21.117394,4316,2024-02-13 15:26:33,52.233086
117,21.0732107,4317,2024-02-13 20:10:51,52.2253287
147,21.1055862,4319,2024-02-13 20:10:52,52.2112016
319,21.1685394,4320,2024-02-13 20:10:51,52.2105759
319,21.116949,4321,2024-02-13 19:47:03,52.232991
702,21.133799,4322,2024-02-13 20:10:52,52.2068564
147,21.0431801,4323,2024-02-13 20:10:51,52.238304
168,20.9957594,4324,2024-02-13 20:10:51,52.1929006
110,21.115836,4325,2024-02-13 12:52:26,52.234234
722,21.116673,4326,2024-02-13 20:10:49,52.233126
146,21.0522874,4327,2024-02-13 20:10:51,52.2502257
117,21.0484144,4328,2024-02-13 20:10:52,52.2373151
142,21.117141,4329,2024-02-13 19:26:58,52.233151
197,20.9438637,4330,2024-02-13 20:10:51,52.2391374
255,20.9563444,4331,2024-02-13 20:10:52,52.2280249
714,20.9218695,4332,2024-02-13 20:03:16,52.1965416
129,20.9143564,4333,2024-02-13 20:10:51,52.2138929
714,20.9138166,4334,2024-02-13 20:10:52,52.2379811
178,21.0040437,4335,2024-02-13 20:10:51,52.2553614
178,20.9399519,4336,2024-02-13 20:10:51,52.2036176
154,20.9639531,4337,2024-02-13 20:10:51,52.2171132
714,20.850026,4338,2024-02-13 20:10:52,52.2510769
207,20.921945,4339,2024-02-13 19:32:08,52.196438
123,21.052258,4400,2024-02-13 20:10:52,52.252949
181,20.985584,4401,2024-02-13 20:10:49,52.270016
173,21.194971,4402,2024-02-13 20:10:49,52.248028
212,21.045036,4403,2024-02-13 20:10:48,52.264638
173,21.048156,4404,2024-02-13 14:35:41,52.264175
123,21.101978,4405,2024-02-13 20:10:52,52.242039
156,20.9413932,4406,2024-02-13 20:10:50,52.2857147
118,21.0196,4407,2024-02-13 20:10:50,52.246063
338,21.047001,4408,2024-02-13 19:11:26,52.264687
170,21.061737,4409,2024-02-13 20:10:47,52.263077
178,20.913521,4410,2024-02-13 20:10:50,52.199059
123,21.044729,4411,2024-02-13 11:18:54,52.264847
134,21.061724,4412,2024-02-13 20:10:50,52.361759
122,21.046312,4413,2024-02-13 19:53:47,52.264553
221,21.0443907,4414,2024-02-13 20:10:52,52.2649484
126,20.952671,4415,2024-02-13 20:10:51,52.317204
134,21.022123,4416,2024-02-13 20:10:52,52.28574
134,21.047424,4417,2024-02-13 20:10:52,52.338673
221,20.986773,4418,2024-02-13 20:10:51,52.260429
169,21.04084,4419,2024-02-13 20:10:41,52.250507
197,21.0443259,4420,2024-02-13 20:10:52,52.2649677
181,20.899937,4421,2024-02-13 20:10:52,52.29718
123,21.083881,4422,2024-02-13 20:10:50,52.245594
134,20.9682344,4423,2024-02-13 20:10:49,52.2718307
197,20.975647,4424,2024-02-13 20:10:52,52.289665
173,21.232626,4425,2024-02-13 20:10:50,52.216419
123,21.083689,4426,2024-02-13 20:10:48,52.225681
197,20.93042,4427,2024-02-13 20:10:52,52.225021
197,21.044321,4428,2024-02-13 20:09:57,52.265209
134,21.052071,4429,2024-02-13 20:10:45,52.309208
166,21.0443056,4430,2024-02-13 20:01:24,52.2649785
338,21.044449,4431,2024-02-13 19:14:08,52.264824
173,21.217497,4432,2024-02-13 20:10:51,52.214382
122,20.921587,4433,2024-02-13 20:10:51,52.249332
122,21.044355,4434,2024-02-13 19:34:15,52.26503
517,21.0321132,5201,2024-02-13 20:10:49,52.2285625
ZA1,20.920066,5202,2024-02-13 12:37:53,52.196474
706,20.918309,5203,2024-02-13 20:10:47,52.151976
187,21.0689836,5204,2024-02-13 20:10:52,52.1813744
711,20.8001102,5206,2024-02-13 20:10:44,52.0909579
717,20.8403183,5207,2024-02-13 20:10:43,52.1893347
ZA1,20.9208733,5208,2024-02-13 19:07:02,52.1964657
733,20.919541,5210,2024-02-12 12:55:47,52.197184
186,20.9224103,5211,2024-02-13 19:47:36,52.1970509
517,20.9084778,5212,2024-02-13 20:10:43,52.1925904
184,20.9302967,5213,2024-02-13 20:10:45,52.2469045
186,20.9577517,5214,2024-02-13 20:10:45,52.2469039
191,20.9825715,5215,2024-02-13 20:10:50,52.2176753
177,20.921651,5216,2024-02-13 20:10:45,52.1962931
186,20.921061,5217,2024-02-13 19:26:31,52.196536
191,20.8767673,5218,2024-02-13 20:10:44,52.1889805
191,20.9228363,5219,2024-02-13 19:20:41,52.1959982
171,20.9196683,5220,2024-02-13 16:40:08,52.1969101
177,20.8997653,5221,2024-02-13 20:10:46,52.2393896
171,20.9250082,5222,2024-02-13 20:10:42,52.2724759
517,20.8625484,5223,2024-02-13 20:10:43,52.1902929
172,20.9607447,5224,2024-02-13 20:10:42,52.211359
716,20.9310021,5225,2024-02-13 20:10:46,52.2252451
401,20.922615,5226,2024-02-13 19:24:56,52.1970202
719,20.7554007,5227,2024-02-13 20:10:46,52.2568748
136,20.988341,5228,2024-02-13 20:10:39,52.189363
184,20.9577662,5229,2024-02-13 20:10:50,52.2261856
523,21.105679,5230,2024-02-13 20:10:41,52.246445
182,21.1096954,5232,2024-02-13 20:10:49,52.2366043
188,20.9796239,5234,2024-02-13 20:10:51,52.1745507
719,20.9138721,5236,2024-02-13 20:10:48,52.2376366
191,20.899989,5237,2024-02-13 20:10:49,52.194986
105,20.896885,5238,2024-02-13 20:10:45,52.231823
191,20.9558783,5239,2024-02-13 20:10:48,52.2141249
317,20.9996325,5240,2024-02-13 20:10:49,52.1751931
191,20.918508,5241,2024-02-13 12:54:45,52.196671
182,20.9205781,5242,2024-02-13 17:11:40,52.1966408
187,20.9513966,5243,2024-02-13 20:10:49,52.2116223
184,20.9447357,5244,2024-02-13 20:10:50,52.2428024
521,20.9289771,5245,2024-02-13 20:10:49,52.196659
517,20.8626102,5246,2024-02-13 20:10:45,52.1902303
523,21.0813521,5247,2024-02-13 20:10:47,52.2395805
136,20.9218531,5248,2024-02-13 20:10:35,52.1968273
171,20.9119197,5249,2024-02-13 20:10:49,52.2441678
122,20.929788,5250,2024-02-13 20:10:38,52.265228
523,20.9216037,5251,2024-02-13 20:10:39,52.1962803
401,20.9228355,5252,2024-02-13 20:04:57,52.1958322
184,20.9639232,5253,2024-02-13 20:10:48,52.2080508
182,21.1130373,5254,2024-02-13 20:10:51,52.2361751
177,20.920908,5255,2024-02-13 17:58:28,52.196188
517,20.922481,5257,2024-02-13 19:06:09,52.197141
401,20.922772,5258,2024-02-13 19:29:02,52.1958925
105,20.9229968,5259,2024-02-13 16:41:59,52.196015
401,20.9224952,5260,2024-02-13 20:07:14,52.1970371
518,21.047028,5401,2024-02-13 19:43:10,52.264862
132,20.9697,5402,2024-02-13 20:10:47,52.2719
527,21.0582282,5403,2024-02-13 20:10:52,52.3187647
120,21.0619847,5404,2024-02-13 20:10:50,52.3616749
190,21.061249,5405,2024-02-13 20:10:50,52.269585
112,21.085707,5406,2024-02-13 20:10:51,52.307686
705,21.0867052,5407,2024-02-13 20:10:51,52.4685959
705,21.043528,5408,2024-02-13 19:27:41,52.265461
160,20.9939749,5409,2024-02-13 20:10:50,52.2417292
705,21.048325,5411,2024-02-13 16:04:47,52.26429
145,21.085182,5412,2024-02-13 20:10:47,52.245289
190,20.931993,5413,2024-02-13 20:10:50,52.23399
509,21.047577,5414,2024-02-13 19:58:52,52.264568
240,21.046974,5415,2024-02-13 19:40:45,52.264786
245,21.076561,5416,2024-02-13 20:10:50,52.286629
735,21.0116485,5417,2024-02-13 20:10:51,52.4537727
120,21.0466152,5418,2024-02-13 07:30:14,52.2648279
Z26,21.046694,5419,2024-02-13 18:30:10,52.264755
723,21.044567,5420,2024-02-13 13:47:33,52.265533
112,21.0444561,5421,2024-02-13 17:16:38,52.2658929
511,20.961929,5423,2024-02-13 20:10:47,52.3344
511,21.044535,5424,2024-02-13 11:03:32,52.265888
190,20.9006329,5425,2024-02-13 20:10:15,52.2390094
509,21.046951,5426,2024-02-13 16:41:01,52.264786
723,20.947659,5427,2024-02-13 20:10:51,52.347927
199,21.0475282,5428,2024-02-13 19:56:03,52.2645741
112,21.0823336,5429,2024-02-13 20:10:52,52.3044719
120,21.0545,5430,2024-02-13 20:10:43,52.3407
509,20.9412995,5431,2024-02-13 20:10:51,52.3310664
735,21.0448017,5432,2024-02-13 10:57:27,52.2657974
527,21.0576,5433,2024-02-13 20:10:51,52.319881
111,20.979165,5434,2024-02-13 20:10:51,52.244344
511,21.046284,5435,2024-02-13 19:12:57,52.265083
140,21.0456676,5436,2024-02-13 20:08:06,52.2652074
500,20.993673,5437,2024-02-13 20:10:49,52.257473
105,21.041711,5438,2024-02-13 17:26:29,52.2662079
112,21.033043,5439,2024-02-13 20:10:52,52.296688
162,21.031036,5440,2024-02-13 20:10:49,52.240166
160,20.998503,5441,2024-02-13 20:10:49,52.243534
190,21.048311,5442,2024-02-13 17:48:25,52.264317
735,20.9690049,5443,2024-02-13 20:10:51,52.2719405
518,21.046105,5444,2024-02-13 19:50:03,52.26514
511,20.942845,5445,2024-02-13 20:10:52,52.3487464
509,21.102316,5446,2024-02-13 20:10:52,52.221905
738,21.203001,5447,2024-02-13 20:10:48,52.40955
160,21.05134,5448,2024-02-13 20:10:47,52.291759
731,20.978374,5449,2024-02-13 20:10:48,52.311756
527,21.06835,5450,2024-02-13 20:10:49,52.323551
190,21.0470909,5451,2024-02-13 19:10:52,52.264666
145,21.044491,5452,2024-02-13 17:12:20,52.265869
500,21.042053,5453,2024-02-13 20:10:51,52.300312
Z26,20.959438,5454,2024-02-13 20:10:49,52.231842
190,20.941616,5455,2024-02-13 20:10:53,52.239285
723,21.0457432,5456,2024-02-13 19:42:28,52.2651936
414,21.04763,5457,2024-02-13 17:44:17,52.264851
145,21.1211544,5458,2024-02-13 20:10:51,52.2367109
511,20.9279005,5459,2024-02-13 20:10:50,52.2912292
723,20.915899,5460,2024-02-13 20:10:51,52.403416
127,20.895443,5870,2024-02-13 20:10:47,52.208752
127,21.025259,5871,2024-02-13 20:10:41,52.241415
503,21.0455512,5872,2024-02-13 20:10:49,52.1824684
519,21.036894,5873,2024-02-13 20:10:51,52.200031
127,20.924967,5875,2024-02-13 20:10:49,52.208076
128,20.997975,5877,2024-02-13 07:58:48,52.186844
175,21.012869,5878,2024-02-13 20:10:49,52.242931
503,21.042894,5879,2024-02-13 20:10:49,52.157265
175,20.9897867,5880,2024-02-13 20:10:51,52.220301
175,21.0098895,5881,2024-02-13 20:10:52,52.2294729
519,21.079033,5882,2024-02-13 20:10:52,52.167381
503,21.002291,5883,2024-02-13 20:10:49,52.254711
175,20.996027,5884,2024-02-13 20:10:47,52.187931
128,20.9880659,5885,2024-02-13 20:10:51,52.2112557
175,20.982164,5886,2024-02-13 20:10:47,52.192875
175,20.996971,5887,2024-02-13 20:10:51,52.18671
175,20.998023,5888,2024-02-13 15:06:20,52.186731
519,21.01145,5889,2024-02-13 20:10:48,52.230103
N31,20.998001,5890,2024-02-13 13:49:33,52.187061
503,21.046009,5891,2024-02-13 20:10:52,52.142666
503,21.0455444,5892,2024-02-13 20:10:52,52.1826507
519,21.084833,5893,2024-02-13 20:10:52,52.167248
128,21.012918,5894,2024-02-13 20:10:50,52.243217
503,21.025393,5896,2024-02-13 20:10:48,52.244122
128,20.963699,5897,2024-02-13 20:10:50,52.207733
128,21.017879,5898,2024-02-13 20:10:47,52.237488
175,20.979382,5899,2024-02-13 20:10:50,52.175465
116,21.117336,5900,2024-02-13 15:12:24,52.234001
111,21.102256,5901,2024-02-13 20:10:44,52.222156
111,21.117263,5902,2024-02-13 19:23:58,52.233936
108,21.117073,5903,2024-02-13 12:14:43,52.233944
175,21.051798,5904,2024-02-13 20:10:51,52.225822
180,21.0666592,5905,2024-02-13 20:10:50,52.1844077
111,21.115458,5906,2024-02-12 19:33:06,52.234783
111,21.116984,5907,2024-02-13 18:07:19,52.233865
180,21.084026,5908,2024-02-13 20:10:51,52.167854
128,21.116901,5909,2024-02-13 16:29:33,52.233823
116,20.930862,5910,2024-02-13 20:10:50,52.279198
116,21.116736,5911,2024-02-13 14:19:09,52.234
158,21.1127734,5912,2024-02-13 20:10:49,52.2360807
151,21.116734,5913,2024-02-13 19:43:21,52.233968
116,21.026144,5914,2024-02-13 20:10:49,52.215801
180,20.9452,5916,2024-02-13 20:10:52,52.2657
128,20.973345,5917,2024-02-13 20:10:52,52.201591
507,21.116471,5919,2024-02-13 18:46:13,52.233975
128,21.003418,5920,2024-02-13 20:10:48,52.227776
128,21.116369,5921,2024-02-13 20:02:56,52.234003
180,21.030485,5922,2024-02-13 20:10:49,52.207043
116,20.947948,5923,2024-02-13 20:10:35,52.271065
116,21.11635,5924,2024-02-08 10:57:27,52.234081
111,21.008295,5925,2024-02-13 20:10:50,52.243839
503,21.00458,5926,2024-02-13 20:10:49,52.255554
175,21.0126,5927,2024-02-13 20:10:51,52.2432
116,20.9363,5928,2024-02-13 20:10:51,52.2783
116,20.9757,5929,2024-02-13 20:10:48,52.271221
111,21.019436,5930,2024-02-13 20:10:49,52.233391
503,21.044548,5931,2024-02-13 20:10:48,52.149319
128,21.052046,5932,2024-02-13 20:10:49,52.225872
180,21.114225,5933,2024-02-13 20:10:47,52.228142
116,21.018051,5934,2024-02-13 20:10:50,52.236603
111,21.115788,5935,2024-02-13 20:08:24,52.234023
175,21.018032,5936,2024-02-13 20:10:48,52.236763
180,21.115998,5937,2024-02-13 20:10:44,52.234876
158,20.950222,5938,2024-02-13 20:10:49,52.211658
111,21.1157122,5939,2024-02-12 05:31:45,52.2340619
116,20.995165,5940,2024-02-13 20:10:50,52.25898
175,21.115626,5941,2024-02-13 20:10:04,52.234001
503,21.026566,5942,2024-02-13 20:10:48,52.214157
116,21.115455,5943,2024-02-12 08:45:15,52.234068
116,21.0815,5944,2024-02-13 20:10:50,52.1717
180,20.974129,5945,2024-02-13 20:10:49,52.254158
175,20.978081,5946,2024-02-13 20:10:47,52.16951
111,21.102488,5947,2024-02-13 20:10:51,52.222038
175,20.98098,5948,2024-02-13 20:10:48,52.190865
158,20.949301,5949,2024-02-13 20:10:50,52.21162
116,21.042224,5950,2024-02-13 20:10:48,52.194468
111,21.045536,5951,2024-02-13 08:57:07,52.265531
503,21.014103,5953,2024-02-13 20:10:51,52.244728
518,21.019993,5954,2024-02-13 20:10:50,52.23246
180,21.073647,5955,2024-02-13 20:10:52,52.177982
180,20.9855,5956,2024-02-13 20:10:52,52.2464
518,21.045506,5957,2024-02-13 19:48:52,52.265664
111,21.046811,5958,2024-02-13 19:38:23,52.265258
518,21.0153492,5959,2024-02-13 20:10:45,52.2421674
180,20.924914,5960,2024-02-13 20:10:50,52.272575
145,21.048386,5961,2024-02-13 20:10:48,52.264879
116,20.996446,5962,2024-02-13 20:10:51,52.2725324
111,21.045782,5963,2024-02-13 15:55:40,52.264702
116,21.068216,5964,2024-02-13 20:10:49,52.169819
111,21.059301,5965,2024-02-13 20:10:48,52.235252
518,20.957645,5966,2024-02-13 20:10:50,52.31308
116,21.044764,5967,2024-02-13 20:10:49,52.221272
127,20.953562,5968,2024-02-13 20:10:48,52.212589
518,20.939863,5969,2024-02-13 20:10:50,52.321579
111,20.98192,5970,2024-02-13 20:10:50,52.245274
127,21.009649,5971,2024-02-13 20:10:48,52.229282
116,21.046955,5972,2024-02-13 20:10:52,52.264542
116,21.027584,5973,2024-02-13 20:10:51,52.210636
116,21.08456,5974,2024-02-13 20:10:47,52.168316
518,20.968216,5975,2024-02-13 20:10:48,52.273811
503,21.046658,5976,2024-02-13 20:01:48,52.264271
340,21.04632,5977,2024-02-13 19:42:32,52.26538
180,20.924801,5978,2024-02-13 20:10:52,52.2725392
180,21.015408,5979,2024-02-13 20:10:47,52.242004
116,20.924896,5980,2024-02-13 20:10:49,52.27232
503,21.005745,5981,2024-02-13 20:10:50,52.248837
116,21.045616,5982,2024-02-13 09:31:24,52.265608
518,20.942144,5983,2024-02-13 20:10:50,52.33456
105,21.046446,5984,2024-02-09 11:48:55,52.265399
180,21.045952,5985,2024-02-13 20:10:48,52.264866
518,20.980688,5986,2024-02-13 20:10:49,52.270077
503,21.047071,5987,2024-02-13 20:10:50,52.265219
127,21.046721,5988,2024-02-13 19:31:20,52.265336
180,21.046959,5989,2024-02-13 19:52:08,52.265225
116,21.0838735,5990,2024-02-13 20:10:49,52.1680494
111,21.04566,5991,2024-02-13 11:10:03,52.265599
111,21.063211,5992,2024-02-13 20:10:51,52.228058
180,21.023134,5993,2024-02-13 20:10:48,52.227951
180,21.084136,5994,2024-02-13 20:10:45,52.167706
503,21.0478167,5995,2024-02-13 20:10:52,52.1925547
128,20.963421,5996,2024-02-13 20:10:51,52.207764
111,21.046031,5997,2024-02-13 19:20:42,52.265468
503,21.017931,5998,2024-02-13 20:10:49,52.237217
127,21.046433,5999,2024-02-12 12:48:44,52.265348
L-7,20.8055513,60051,2024-02-11 18:57:22,52.2193513
L18,20.812986,60052,2024-02-13 20:09:31,52.3126869
L18,20.8423576,60053,2024-02-13 17:44:24,52.2498545
L18,20.7195923,60054,2024-02-13 17:14:29,52.082121
L18,20.8318665,60055,2024-02-13 20:10:52,52.2697981
L29,20.5335953,60056,2024-02-13 20:10:51,52.2585078
L-6,20.7578923,60057,2024-02-13 20:10:14,52.256684
L-7,20.8407436,60058,2024-02-13 19:28:07,52.2518543
L-6,20.8713485,60059,2024-02-13 19:46:29,52.1977723
L-7,20.8055725,60060,2024-02-13 18:22:41,52.2193205
ZA1,20.922241,6200,2024-02-13 20:10:52,52.1971675
719,20.911467,6201,2024-02-13 20:10:51,52.23917
719,20.722746,6202,2024-02-13 20:10:52,52.254898
105,20.921192,6203,2024-02-13 20:10:51,52.196472
148,20.919582,6204,2024-02-13 20:10:52,52.196522
711,20.920416,6205,2024-02-13 20:10:48,52.197498
401,20.92142,6206,2024-02-13 20:10:46,52.196415
717,20.905188,6207,2024-02-13 20:10:47,52.186077
713,20.740404,6208,2024-02-13 20:10:50,52.215168
721,20.943254,6209,2024-02-13 20:10:51,52.17514
414,20.9558727,6210,2024-02-13 20:10:45,52.2383682
317,20.9498977,6212,2024-02-13 20:10:51,52.1819266
728,20.9432237,6213,2024-02-13 20:10:51,52.1754774
186,20.921181,6214,2024-02-13 20:10:50,52.196465
414,21.021414,6215,2024-02-13 20:10:48,52.287167
191,20.92091,6217,2024-02-13 20:10:52,52.196537
317,20.921116,6218,2024-02-13 20:10:48,52.196503
171,20.921413,6219,2024-02-13 20:10:51,52.196411
188,20.922274,6220,2024-02-13 20:10:51,52.197159
148,21.036808,6221,2024-02-13 20:10:52,52.14661
401,20.923428,6222,2024-02-13 20:10:51,52.197296
187,20.883064,6223,2024-02-13 20:10:47,52.196838
523,20.920346,6224,2024-02-13 16:41:43,52.196533
717,20.920675,6225,2024-02-12 19:28:10,52.196598
188,20.978285,6226,2024-02-13 20:10:51,52.169453
105,20.920635,6227,2024-02-13 19:20:48,52.196568
105,20.921822,6228,2024-02-13 20:10:52,52.196941
717,20.970337,6229,2024-02-13 20:10:52,52.219452
733,20.744799,6230,2024-02-13 20:10:52,52.052467
703,20.9250459,6231,2024-02-13 20:10:48,52.1587171
713,20.909116,6232,2024-02-13 20:05:03,52.218308
186,20.9205521,6234,2024-02-13 20:10:51,52.1972291
711,20.9195934,6235,2024-02-13 19:46:40,52.196624
713,20.880144,6236,2024-02-13 20:10:49,52.21656
728,20.919254,6237,2024-02-13 11:01:59,52.196327
414,21.042789,6238,2024-02-13 20:10:50,52.30014
184,20.920277,6239,2024-02-13 17:10:25,52.196651
728,20.878153,6240,2024-02-13 20:10:51,52.081661
517,20.9222072,6241,2024-02-13 16:49:01,52.1971526
414,21.042871,6242,2024-02-13 20:10:47,52.300308
414,20.9720311,6243,2024-02-13 20:10:52,52.206069
172,20.9212836,6244,2024-02-13 20:10:51,52.1964347
L39,21.0246361,70001,2024-02-13 20:06:08,52.0622801
L39,21.0230416,70002,2024-02-13 20:10:07,52.099111
L39,20.9924215,70004,2024-02-13 20:08:47,52.1097733
L39,21.0349856,70006,2024-02-10 07:40:33,52.0828933
L52,20.9849878,70007,2024-02-13 20:10:38,52.0038911
L39,21.0350211,70008,2024-02-12 23:22:32,52.0834148
L39,21.0349605,70009,2024-02-10 21:21:34,52.0833896
L14,21.077843,70021,2024-02-13 20:10:49,52.26764
L30,21.1485156,70033,2024-02-09 05:57:23,51.970095
L-3,20.8719913,70034,2024-02-13 19:28:06,52.084642
L16,21.0971131,70035,2024-02-13 20:10:50,52.0551736
L-3,20.9636221,70036,2024-02-13 20:10:51,52.0823965
L24,21.0293446,70041,2024-02-13 20:09:55,52.0753838
L-1,20.9219071,70042,2024-02-13 20:09:46,52.1352873
L42,21.1160575,70043,2024-02-13 20:09:03,52.102639
L15,21.0339235,70045,2024-02-13 19:35:45,52.082845
743,20.714518,7200,2024-02-13 20:10:50,52.233532
172,20.977205,7201,2024-02-13 20:10:48,52.210701
733,20.92021,7202,2024-02-13 20:10:52,52.197289
105,20.896582,7203,2024-02-13 20:10:50,52.233974
ZA1,20.920391,7204,2024-02-13 18:53:02,52.197014
706,20.92078,7205,2024-02-13 19:27:40,52.19696
184,20.937174,7206,2024-02-13 20:10:50,52.274612
171,21.0106092,7207,2024-02-13 20:10:50,52.2316391
112,20.920696,7208,2024-02-13 19:28:35,52.196976
713,20.920843,7209,2024-02-13 20:06:11,52.197392
717,20.92041,7210,2024-02-13 19:20:59,52.196999
177,20.8688832,7211,2024-02-13 20:10:47,52.1979649
177,20.868658,7212,2024-02-13 20:10:50,52.192322
ZA1,20.9206221,7213,2024-02-13 19:44:59,52.1969864
523,20.919931,7214,2024-02-13 20:10:48,52.19619
189,20.920883,7215,2024-02-13 18:57:43,52.1969037
743,20.920502,7216,2024-02-13 20:10:51,52.196999
414,20.690155,7217,2024-02-09 14:50:30,52.213299
523,21.068758,7218,2024-02-13 20:10:52,52.229996
189,20.9211544,7220,2024-02-13 20:10:52,52.1973732
189,21.0630729,7221,2024-02-13 20:10:51,52.1864199
703,20.935932,7222,2024-02-13 20:10:52,52.168583
706,20.9431819,7223,2024-02-13 20:10:52,52.1753922
124,20.920988,7224,2024-02-13 18:46:27,52.196907
105,20.953423,7225,2024-02-13 20:10:49,52.227516
172,20.9554427,7226,2024-02-13 20:10:51,52.2122142
401,20.920574,7227,2024-02-13 19:47:27,52.197002
189,20.929859,7228,2024-02-13 20:10:48,52.195873
187,20.862032,7229,2024-02-13 20:10:49,52.190941
189,20.914049,7230,2024-02-13 20:10:52,52.213112
105,20.968313,7231,2024-02-13 20:10:51,52.22802
189,21.068636,7232,2024-02-13 20:10:52,52.181389
112,20.938782,7233,2024-02-13 20:10:50,52.276131
105,20.918261,7234,2024-02-13 20:10:47,52.220383
191,20.920801,7235,2024-02-13 18:46:17,52.197426
189,20.89847,7236,2024-02-13 20:10:51,52.227623
190,20.9208032,7237,2024-02-13 19:08:50,52.1969455
190,20.9221,7238,2024-02-13 20:10:50,52.196949
189,20.921009,7239,2024-02-13 20:10:51,52.197311
517,21.0332397,7240,2024-02-13 20:10:52,52.2276162
187,20.860878,7242,2024-02-13 20:10:50,52.192211
189,20.920631,7243,2024-02-13 17:39:16,52.197517
172,20.980646,7244,2024-02-13 20:10:48,52.201744
189,20.922064,7245,2024-02-13 20:10:48,52.196835
190,20.9209487,7247,2024-02-13 19:50:50,52.1973859
317,20.9443574,7248,2024-02-13 20:10:51,52.175321
184,20.919199,7249,2024-02-13 12:53:26,52.19706
189,21.056887,7250,2024-02-13 20:10:47,52.182449
189,20.9208939,7251,2024-02-13 20:10:46,52.1973769
189,20.9207329,7252,2024-02-13 16:15:15,52.1974329
189,21.0368047,7253,2024-02-13 20:10:51,52.1735072
517,20.980514,7254,2024-02-13 20:10:51,52.2165264
190,20.925844,7255,2024-02-13 20:10:51,52.234066
189,20.921032,7256,2024-02-13 20:10:49,52.197311
177,20.9008476,7257,2024-02-13 20:10:49,52.2392194
190,21.0853986,7258,2024-02-13 20:10:47,52.3050241
189,20.92074,7259,2024-02-13 13:55:35,52.197464
151,21.0156389,7301,2024-02-13 20:10:51,52.2230825
182,21.1130021,7302,2024-02-13 20:10:51,52.2361086
182,21.100836,7303,2024-02-13 20:10:51,52.238018
125,21.1166844,7304,2024-02-13 20:07:06,52.233698
E-1,21.116745,7305,2024-02-13 19:10:16,52.23341
182,21.0410625,7306,2024-02-13 20:10:49,52.2237624
523,20.9122902,7307,2024-02-13 20:10:45,52.2442144
158,21.0754197,7308,2024-02-13 20:10:52,52.2380599
171,21.0372239,7309,2024-02-13 20:10:51,52.2217581
141,21.03454,7310,2024-02-13 20:10:45,52.202442
158,21.043242,7311,2024-02-13 20:10:48,52.236282
525,21.117313,7312,2024-02-13 18:58:39,52.233669
507,21.072794,7313,2024-02-13 20:10:50,52.225243
525,21.11577,7314,2024-02-13 19:54:14,52.233543
521,21.204502,7315,2024-02-13 20:10:49,52.159367
521,21.114201,7316,2024-02-13 13:38:00,52.234969
202,21.1142734,7317,2024-02-12 19:12:15,52.2348747
182,20.987698,7318,2024-02-13 20:10:51,52.216438
402,21.109148,7319,2024-02-13 20:10:52,52.225231
141,21.117125,7320,2024-02-13 17:52:48,52.233776
507,21.113972,7321,2024-02-13 06:54:47,52.2342
102,21.107822,7322,2024-02-13 20:10:52,52.249046
158,21.1175041,7323,2024-02-13 18:13:59,52.2336561
E-1,21.113951,7324,2024-02-13 14:00:22,52.234699
E-1,21.11762,7326,2024-02-13 18:30:41,52.23373
521,21.2047841,7327,2024-02-13 20:10:52,52.1593711
411,21.116195,7328,2024-02-13 19:58:29,52.234751
507,21.117111,7329,2024-02-13 18:21:37,52.233364
150,20.864824,733,2024-02-13 08:14:04,52.360474
525,21.024235,7330,2024-02-13 20:10:32,52.219147
199,21.042028,7331,2024-02-13 20:10:49,52.294212
523,20.928146,7332,2024-02-13 20:10:47,52.240543
502,21.117123,7333,2024-02-13 19:30:35,52.233284
103,21.115005,7334,2024-02-13 13:19:47,52.234151
125,21.113633,7335,2024-02-13 19:29:43,52.234301
750,20.901693,743,2024-02-13 20:10:52,52.327999
750,20.817638,744,2024-02-13 20:10:50,52.351864
250,20.905655,748,2024-02-13 20:10:39,52.286583
750,20.865015,749,2024-02-13 20:10:48,52.360367
150,20.863966,750,2024-02-13 20:10:47,52.359272
750,20.779669,753,2024-02-13 20:10:51,52.370224
250,20.86495,754,2024-02-13 20:10:51,52.360432
150,20.88228,755,2024-02-13 20:10:51,52.342361
250,20.927605,756,2024-02-13 20:10:49,52.29121
750,20.913929,757,2024-02-13 20:10:47,52.320892
250,20.882103,762,2024-02-13 20:10:49,52.335358
150,20.86491,763,2024-02-13 11:30:09,52.360485
110,20.864874,769,2024-02-13 20:10:49,52.360336
125,21.1070326,7700,2024-02-13 20:10:47,52.2413499
523,21.1166253,7701,2024-02-13 19:55:49,52.2335505
521,21.148587,7702,2024-02-13 20:10:51,52.2234704
520,21.116701,7703,2024-02-13 19:46:55,52.233598
143,20.9891414,7704,2024-02-13 20:10:51,52.2164019
158,21.114313,7705,2024-02-13 14:52:37,52.234991
523,21.0846,7706,2024-02-13 20:10:51,52.2499945
162,21.0436147,7707,2024-02-13 20:10:52,52.2161972
521,21.2027136,7708,2024-02-13 20:10:51,52.1696934
507,21.0053841,7709,2024-02-13 20:10:52,52.2294393
189,20.9150567,7710,2024-02-13 20:10:52,52.2028245
190,21.0520291,7711,2024-02-13 20:10:51,52.2621077
171,20.9594284,7712,2024-02-13 20:10:52,52.2378277
190,21.0160502,7713,2024-02-13 20:10:52,52.2468609
188,20.9196154,7714,2024-02-13 20:10:51,52.1974299
189,20.9210091,7715,2024-02-13 14:56:05,52.1968952
105,20.9206485,7716,2024-02-13 19:16:01,52.1969525
190,20.9137882,7718,2024-02-13 20:10:51,52.2392266
189,21.0189394,7719,2024-02-13 20:10:52,52.1735629
150,20.864248167,772,2024-02-13 18:49:37,52.359784833
189,20.9008184,7720,2024-02-13 20:10:51,52.2388934
721,20.9119899,7721,2024-02-13 20:10:51,52.1470419
703,20.921321,7722,2024-02-13 19:36:57,52.197246
189,21.052684,7723,2024-02-13 20:10:51,52.1796599
517,20.8756529,7724,2024-02-13 20:10:51,52.1985575
713,20.9308636,7725,2024-02-13 20:10:51,52.224948
124,20.930595,7726,2024-02-13 20:10:48,52.1638041
184,20.9607085,7727,2024-02-13 20:10:52,52.2163667
112,21.0376084,7728,2024-02-13 20:10:51,52.2963429
187,21.0420267,7729,2024-02-13 20:10:51,52.2233146
750,20.8642315,773,2024-02-13 17:02:44,52.3597105
525,21.0059349,7730,2024-02-13 20:10:52,52.2286977
523,21.005837,7731,2024-02-13 20:10:51,52.2173279
525,21.116506,7732,2024-02-13 20:02:44,52.233571
507,21.1023889,7733,2024-02-13 20:10:51,52.2219719
151,21.0964822,7734,2024-02-13 20:10:52,52.2310125
151,21.1177081,7735,2024-02-13 20:10:51,52.2343666
502,21.1167399,7736,2024-02-13 19:58:28,52.2337397
402,21.117533,7737,2024-02-13 20:09:27,52.233291
520,21.0722639,7738,2024-02-13 20:10:52,52.2309969
146,21.1156989,7739,2024-02-13 20:10:52,52.2350084
523,20.934364,7740,2024-02-13 20:10:51,52.2401244
188,21.0271529,7741,2024-02-13 20:10:52,52.2196871
158,21.1132965,7742,2024-02-13 20:10:49,52.2361324
704,21.0837734,7743,2024-02-13 20:10:51,52.245298
521,21.1535384,7744,2024-02-13 20:10:52,52.2189914
102,21.1176544,7745,2024-02-13 13:55:29,52.2341887
158,21.115293,7746,2024-02-13 19:11:31,52.234428
507,21.1150952,7747,2024-02-13 18:34:17,52.234153
102,21.0781076,7748,2024-02-13 20:10:52,52.2526614
110,20.929405,775,2024-02-13 20:10:50,52.290844
521,21.1450647,7750,2024-02-13 20:10:52,52.2271737
507,21.0306254,7751,2024-02-13 20:10:51,52.2337247
507,21.1173207,7752,2024-02-13 19:39:20,52.2338603
514,21.1654002,7753,2024-02-13 20:10:51,52.2536691
182,21.0563899,7754,2024-02-13 20:10:51,52.2267797
188,20.9943897,7755,2024-02-13 20:10:49,52.2167116
E-1,21.117333,7757,2024-02-13 18:45:42,52.233526
199,21.1188332,7758,2024-02-13 20:10:51,52.2851962
720,21.1722346,7759,2024-02-13 20:10:47,52.225478
110,20.8823952,776,2024-02-13 20:10:52,52.3152307
850,20.954962,777,2024-02-13 20:10:52,52.28487
150,20.8471105,778,2024-02-13 20:10:20,52.3414535
150,20.8466739,779,2024-02-13 20:10:51,52.3417674
145,21.075974,7800,2024-02-13 20:10:52,52.2868464
145,21.0882239,7801,2024-02-13 20:10:52,52.2447286
145,21.1159614,7802,2024-02-13 20:04:04,52.2334932
145,21.000815,7803,2024-02-13 20:10:51,52.291348
502,21.116858,7804,2024-02-13 19:12:31,52.233548
514,21.0154377,7805,2024-02-13 20:10:51,52.2197401
507,21.0630843,7806,2024-02-13 20:10:51,52.2287575
125,21.1856542,7807,2024-02-13 20:10:51,52.2068857
402,21.116991,7808,2024-02-13 19:42:25,52.233723
502,21.1253645,7809,2024-02-13 20:10:52,52.2335342
502,21.117945,7810,2024-02-13 20:10:51,52.2342437
520,21.1167449,7811,2024-02-13 19:00:30,52.2334304
162,21.115739,7812,2024-02-13 19:58:56,52.233516
E-2,21.1156784,7813,2024-02-13 20:10:52,52.2335186
502,21.2047462,7814,2024-02-13 20:10:51,52.2243221
514,21.1868419,7815,2024-02-13 20:10:51,52.2468046
199,21.0423734,7816,2024-02-13 20:10:51,52.2962814
411,21.115515,7817,2024-02-13 07:08:26,52.2347259
E-1,21.11718,7818,2024-02-13 19:02:42,52.233718
507,21.1021364,7819,2024-02-13 20:10:51,52.2220507
750,20.8644338,782,2024-02-13 18:19:01,52.3599018
151,21.1049787,7820,2024-02-13 20:10:51,52.230197
168,21.1067576,7821,2024-02-13 20:10:52,52.2336059
E-2,21.11739,7822,2024-02-13 19:59:20,52.233823
411,21.1151261,7823,2024-02-13 18:38:07,52.2344719
502,21.1152592,7824,2024-02-13 20:10:52,52.2326357
141,21.0473599,7825,2024-02-13 20:10:51,52.2069267
514,21.0253198,7826,2024-02-13 20:10:49,52.2194035
E-1,21.1168414,7827,2024-02-13 19:59:26,52.2344769
525,21.0644559,7828,2024-02-13 20:10:51,52.2288747
521,21.0957462,7829,2024-02-13 20:10:52,52.2437917
509,20.9929842,7830,2024-02-13 20:10:52,52.3000537
525,21.0038642,7831,2024-02-13 20:10:52,52.2295132
509,21.1167691,7832,2024-02-13 18:37:08,52.2342837
145,21.104423,7833,2024-02-13 20:10:38,52.285969
158,20.9882441,7834,2024-02-13 20:10:52,52.2240376
143,21.1378083,7836,2024-02-13 20:10:51,52.243735
521,21.0731679,7837,2024-02-13 20:10:52,52.242518
402,21.045866,7838,2024-02-13 20:10:40,52.186128
151,21.1141367,7839,2024-02-13 07:00:52,52.2348567
402,21.1560207,7840,2024-02-13 20:10:51,52.2403042
411,21.1168475,7841,2024-02-13 18:40:02,52.233411
102,21.0420502,7842,2024-02-13 20:10:51,52.2421599
402,21.1168112,7843,2024-02-13 19:42:22,52.2337177
148,21.1045632,7844,2024-02-13 20:10:52,52.2370549
202,21.116156,7845,2024-02-13 19:39:48,52.233496
523,20.9566834,7846,2024-02-13 20:10:52,52.2284909
509,21.1022528,7847,2024-02-13 20:10:50,52.2219021
523,21.1167804,7848,2024-02-13 20:10:51,52.2349096
125,21.0827081,7849,2024-02-13 20:10:52,52.2452838
520,21.0021024,7850,2024-02-13 20:10:51,52.2430652
525,21.1932139,7851,2024-02-13 20:10:51,52.2073899
146,21.116796,7852,2024-02-13 09:10:06,52.233346
145,21.1117766,7853,2024-02-13 20:10:51,52.2817817
507,21.117721,7855,2024-02-13 13:23:12,52.233519
145,21.1169524,7856,2024-02-13 19:33:40,52.2337152
509,20.9657573,7857,2024-02-13 20:10:48,52.3185871
145,21.0227174,7858,2024-02-13 20:10:52,52.2860602
523,20.899971,7859,2024-02-13 20:10:51,52.2579551
509,21.1160744,7860,2024-02-13 19:45:07,52.233479
521,21.1083379,7861,2024-02-13 20:10:49,52.2409777
151,21.0875137,7862,2024-02-13 20:10:52,52.2308511
525,21.1162892,7863,2024-02-13 19:54:46,52.2334571
145,21.115218,7864,2024-02-13 18:33:57,52.2344649
188,21.1286547,7865,2024-02-13 20:10:51,52.2402089
402,21.1440248,7866,2024-02-13 20:10:50,52.2375335
145,21.1174112,7867,2024-02-13 19:21:42,52.2333194
125,21.1150162,7868,2024-02-13 13:24:16,52.2341184
116,21.0002962,7869,2024-02-13 20:10:51,52.2532547
162,21.116994,7870,2024-02-13 19:10:29,52.23353
502,21.0202089,7871,2024-02-13 20:10:51,52.2179577
162,21.0488444,7872,2024-02-13 20:10:51,52.2067509
502,21.0154786,7873,2024-02-13 20:10:52,52.218888
509,21.1169784,7874,2024-02-13 19:06:19,52.2335476
521,21.1857204,7875,2024-02-13 20:10:52,52.1868499
520,21.1470505,7876,2024-02-13 20:10:51,52.2381644
125,21.041403,7877,2024-02-13 20:10:36,52.241455
141,20.9722205,7878,2024-02-13 20:10:48,52.1856133
525,21.1359607,7879,2024-02-13 20:10:51,52.2302372
202,21.0418292,7880,2024-02-13 20:10:52,52.2420122
520,21.0110322,7881,2024-02-13 20:10:52,52.2313936
402,21.1280506,7882,2024-02-13 20:10:51,52.2336796
141,20.9443221,7883,2024-02-13 20:10:46,52.1755163
502,21.0347285,7884,2024-02-13 20:10:52,52.2217614
125,21.1650097,7885,2024-02-13 20:10:51,52.2156589
507,21.0218134,7886,2024-02-13 20:10:51,52.232139
202,21.0716634,7887,2024-02-13 20:10:51,52.2501542
188,21.1161365,7888,2024-02-13 10:59:44,52.2334283
E-2,21.1171785,7889,2024-02-13 18:55:33,52.233529
125,21.1152971,7890,2024-02-12 17:34:04,52.2344523
L48,21.2841549,80101,2024-02-13 20:10:48,52.2155268
L47,21.1953528,80102,2024-02-13 19:31:32,52.3402211
L48,21.2915866,80103,2024-02-13 19:37:10,52.206646
L47,21.2964911,80104,2024-02-13 19:54:06,52.2645929
L47,21.2801071,80105,2024-02-13 14:18:48,52.329147
L47,21.2991411,80106,2024-02-13 20:09:45,52.2416323
L26,21.212497,80107,2024-02-13 06:05:27,52.3382873
L26,21.150984,80108,2024-02-13 20:10:48,52.3101938
L26,21.2026273,80109,2024-02-13 19:13:04,52.4824448
L38,21.250677,80111,2024-02-13 20:09:24,52.3317966
L37,21.2071483,80112,2024-02-13 20:10:48,52.3128373
L36,21.2870353,80113,2024-02-13 20:10:07,52.37486
L46,21.1328848,80114,2024-02-13 20:10:52,52.3142365
L45,21.0835459,80115,2024-02-13 20:10:51,52.423217
L40,21.1897756,80116,2024-02-13 19:48:29,52.3171228
L-3,20.8295656,80117,2024-02-13 20:10:48,52.0314766
L35,21.3250543,80118,2024-02-13 20:10:50,52.3533793
L45,21.0850303,80120,2024-02-13 20:10:50,52.3044146
L37,21.2554138,80121,2024-02-13 18:32:33,52.3375958
L43,21.1755486,80122,2024-02-13 20:10:01,52.3106973
L43,21.1756986,80123,2024-02-13 18:56:52,52.3110486
L32,20.985093,80124,2024-02-13 20:09:26,52.0038855
L40,21.200112,80125,2024-02-13 20:10:47,52.3453628
143,21.13633,8300,2024-02-13 20:10:40,52.242071
148,21.0544621,8301,2024-02-13 20:10:50,52.182915
138,20.996631,8302,2024-02-13 20:04:44,52.186378
148,20.9745666,8303,2024-02-13 20:10:47,52.168605
143,21.177158,8304,2024-02-13 20:10:43,52.256951
141,21.0738873,8305,2024-02-13 20:10:47,52.2323361
172,21.02311,8306,2024-02-13 20:10:49,52.1793116
317,20.9959216,8307,2024-02-13 20:10:50,52.1863208
174,20.9972053,8308,2024-02-13 13:21:32,52.1863728
710,21.0117861,8309,2024-02-13 20:10:51,52.0742891
141,20.9972566,8310,2024-02-13 14:07:59,52.1869181
504,20.99753,8311,2024-02-13 19:47:27,52.186946
148,21.0368268,8312,2024-02-13 20:10:47,52.1461891
172,21.028355,8313,2024-02-13 20:10:35,52.199943
709,20.995135,8314,2024-02-13 19:37:06,52.187636
174,20.9962563,8315,2024-02-13 20:10:41,52.1877258
172,20.9961449,8316,2024-02-13 20:10:48,52.1962066
106,21.0112875,8317,2024-02-13 20:10:48,52.239571
517,20.9727048,8318,2024-02-13 20:10:47,52.2192385
709,21.0234161,8319,2024-02-13 20:10:50,52.0814171
136,21.0157173,8320,2024-02-13 20:10:46,52.1671313
172,21.047987,8321,2024-02-13 20:10:50,52.1781331
136,20.9960929,8322,2024-02-13 20:02:44,52.1874309
136,20.9971018,8323,2024-02-13 20:10:48,52.186987
727,21.0185823,8324,2024-02-13 20:10:52,52.1698491
127,20.9047045,8325,2024-02-13 20:10:53,52.2076013
724,21.0224423,8326,2024-02-13 20:10:50,52.0748961
402,21.0257346,8327,2024-02-13 20:10:51,52.1733861
501,21.0055205,8328,2024-02-13 20:10:51,52.2286938
504,20.9968716,8329,2024-02-13 20:10:51,52.18743
E-2,20.997054,8330,2024-02-13 18:59:48,52.187706
709,21.0187485,8331,2024-02-13 20:10:52,52.1701406
143,20.992795,8332,2024-02-13 20:10:53,52.21631
143,20.997794,8333,2024-02-13 20:00:26,52.187673
501,21.0208256,8334,2024-02-13 20:10:54,52.2111131
165,21.0235881,8335,2024-02-13 20:10:51,52.1797201
162,21.0327775,8336,2024-02-13 20:10:46,52.251005
165,21.0242455,8337,2024-02-13 20:10:52,52.1796865
217,20.99667,8338,2024-02-13 19:28:20,52.186844
710,21.1238595,8339,2024-02-13 20:10:49,52.0913173
217,21.0241655,8340,2024-02-13 20:10:42,52.1796838
504,20.996366,8341,2024-02-13 19:19:05,52.186871
168,20.997023,8342,2024-02-13 19:43:14,52.186869
519,20.9963767,8343,2024-02-13 20:10:44,52.1881367
162,20.99569,8344,2024-02-13 20:10:41,52.1875283
174,21.014185,8345,2024-02-13 20:10:33,52.181901
139,21.049391,8346,2024-02-13 20:10:41,52.173981
174,21.0047433,8347,2024-02-13 20:10:41,52.2199267
710,20.996406,8348,2024-02-13 10:15:22,52.186393
168,21.062719,8349,2024-02-13 20:10:43,52.206416
317,21.011255,8350,2024-02-13 20:10:41,52.1745767
710,20.996308,8351,2024-02-13 19:32:02,52.186943
522,20.996314,8352,2024-02-13 11:45:24,52.187725
709,20.997051,8353,2024-02-13 18:53:47,52.185746
141,21.014749,8355,2024-02-13 20:10:39,52.196216
522,20.99733,8356,2024-02-13 20:06:16,52.187331
136,20.9652717,8357,2024-02-13 20:10:47,52.2479367
522,21.0798178,8358,2024-02-13 20:10:49,52.1581791
504,20.981065,8359,2024-02-13 20:10:51,52.190706
727,20.920115,8360,2024-02-13 20:10:42,52.063065
143,20.996101,8361,2024-02-13 07:02:09,52.187398
522,21.0030983,8362,2024-02-13 20:10:42,52.2291583
162,20.997373,8363,2024-02-13 19:20:45,52.187564
522,21.0263983,8364,2024-02-13 20:10:46,52.2089833
148,20.9781467,8365,2024-02-13 20:10:40,52.169475
128,20.9784717,8366,2024-02-13 20:10:39,52.1983483
709,21.0176783,8367,2024-02-13 20:10:42,52.0670017
519,21.09286,8368,2024-02-13 20:10:39,52.1167683
174,21.018285,8369,2024-02-13 20:10:38,52.1875183
141,21.115603,8396,2024-02-13 11:06:19,52.234884
521,20.973433,8397,2024-02-13 20:10:45,52.212274
E-1,21.1171767,8398,2024-02-13 18:58:08,52.233525
704,21.137585,8399,2024-02-13 20:10:45,52.229435
512,21.052248,8441,2024-02-13 20:10:52,52.25296
190,21.085934,8442,2024-02-13 20:10:49,52.299904
140,21.0484764,8443,2024-02-13 19:31:03,52.2646116
132,21.0450621,8444,2024-02-13 19:53:38,52.2649994
145,21.000152,8445,2024-02-13 20:10:51,52.2914659
162,21.027395,8446,2024-02-13 20:10:47,52.259613
132,21.045836,8447,2024-02-13 19:44:39,52.26514
199,21.120642,8448,2024-02-13 20:10:49,52.287178
160,21.04723,8449,2024-02-13 19:35:58,52.264671
120,21.0553797,8450,2024-02-13 20:10:52,52.2969347
509,21.046936,8451,2024-02-13 13:48:00,52.264744
511,20.96245,8452,2024-02-13 20:10:49,52.334393
723,20.971773,8453,2024-02-13 20:10:50,52.32188
500,21.04982,8454,2024-02-13 20:10:48,52.291958
120,21.046936,8455,2024-02-13 19:17:15,52.264519
518,21.0446674,8456,2024-02-13 17:10:36,52.2658305
731,21.047688,8457,2024-02-13 19:13:54,52.264515
120,21.0509159,8458,2024-02-13 20:10:51,52.2525206
512,21.03611,8459,2024-02-13 20:10:52,52.255081
509,21.048249,8460,2024-02-13 15:59:26,52.2642911
156,21.045504,8461,2024-02-13 20:10:52,52.276081
500,21.0468087,8462,2024-02-13 16:58:23,52.2647656
500,21.047333,8463,2024-02-12 07:37:07,52.26465
N46,21.0466867,8464,2024-02-13 04:40:34,52.2647899
245,21.0437524,8465,2024-02-13 20:10:51,52.2655989
217,21.060345,8500,2024-02-13 20:10:46,52.1716367
710,20.997074,8501,2024-02-13 18:44:33,52.187566
501,21.015508,8502,2024-02-13 20:10:47,52.218776
710,21.136553,8503,2024-02-13 20:10:47,52.096053
504,21.026175,8504,2024-02-13 20:10:37,52.151345
162,20.995193,8505,2024-02-13 19:41:46,52.187601
402,20.997753,8506,2024-02-13 19:43:43,52.187696
709,21.0179033,8507,2024-02-13 20:10:37,52.1662817
709,21.024075,8508,2024-02-13 20:10:51,52.1800117
710,21.0112917,8509,2024-02-13 20:10:47,52.074245
141,21.113431,8510,2024-02-13 20:10:49,52.236116
187,20.996158,8511,2024-02-13 20:05:48,52.187779
166,20.996286,8512,2024-02-13 20:10:46,52.188101
217,21.06048,8513,2024-02-13 20:10:52,52.1714633
319,20.996764,8514,2024-02-13 18:46:59,52.186813
143,21.0857383,8517,2024-02-13 20:10:39,52.2452967
522,21.001653,8518,2024-02-13 20:10:39,52.228493
217,20.997205,8519,2024-02-13 11:15:41,52.186243
519,21.013066,8520,2024-02-13 20:10:37,52.227355
138,20.99793,8521,2024-02-13 18:49:49,52.187651
317,21.0843383,8522,2024-02-13 20:10:40,52.1679233
162,20.997316,8523,2024-02-13 19:52:49,52.18766
742,21.2168683,8524,2024-02-13 20:10:39,51.9811817
710,21.0677583,8525,2024-02-13 20:10:43,52.1293567
522,20.996353,8526,2024-02-13 13:22:48,52.186421
709,21.0180767,8528,2024-02-13 20:10:42,52.1215983
519,21.0913033,8531,2024-02-13 20:10:46,52.151645
139,21.103678,8533,2024-02-13 20:10:43,52.120511
709,21.026274,8535,2024-02-13 20:10:33,52.076803
174,20.996175,8536,2024-02-13 20:10:38,52.188049
138,20.997418,8537,2024-02-13 19:34:16,52.187663
136,21.0527617,8538,2024-02-13 20:10:39,52.146
522,21.002265,8539,2024-02-13 20:10:46,52.228886
522,21.0582783,8540,2024-02-13 20:10:44,52.179385
136,20.995854,8541,2024-02-13 16:20:19,52.186351
727,21.0231917,8542,2024-02-13 20:10:50,52.1815633
138,20.9965717,8544,2024-02-13 20:10:51,52.188185
165,21.0024938,8545,2024-02-13 20:10:47,52.1581571
402,20.9936217,8547,2024-02-13 20:10:41,52.1790633
175,20.996173,8548,2024-02-13 19:36:57,52.18773
724,21.110773,8549,2024-02-13 20:10:36,52.112245
522,20.9963133,8550,2024-02-13 20:10:42,52.18817
504,20.997318,8551,2024-02-13 19:23:11,52.187623
319,20.997066,8552,2024-02-13 19:29:03,52.187708
519,21.0971117,8554,2024-02-13 20:10:39,52.1225
501,21.0136317,8556,2024-02-13 20:10:42,52.2268667
217,21.0471333,8557,2024-02-13 20:10:48,52.1509833
401,21.025765,8558,2024-02-13 20:10:36,52.1734367
401,20.996285,8559,2024-02-13 20:10:39,52.1876633
317,21.0702233,8560,2024-02-13 20:10:44,52.1691567
402,21.056576,8561,2024-02-13 20:10:37,52.200423
720,21.277545,8562,2024-02-13 20:10:40,52.1976967
520,21.116344,8563,2024-02-13 19:45:53,52.233445
188,21.114909,8564,2024-02-13 13:37:26,52.234201
509,20.9476817,8565,2024-02-13 20:10:50,52.3408233
507,21.114188,8566,2024-02-13 20:10:34,52.234616
507,21.117339,8567,2024-02-13 18:50:20,52.233351
188,21.0841567,8568,2024-02-13 20:10:38,52.2469983
202,21.1233183,8569,2024-02-13 20:10:36,52.2427017
509,20.9466267,8570,2024-02-13 20:10:49,52.34002
521,21.115339,8571,2024-02-13 17:57:15,52.234138
202,21.0479717,8572,2024-02-13 20:10:38,52.247835
507,21.0053167,8573,2024-02-13 20:10:42,52.22963
525,21.1701267,8574,2024-02-13 20:10:46,52.2104567
125,21.117014,8575,2024-02-13 18:35:12,52.2334
158,21.115086,8576,2024-02-13 11:00:38,52.233253
158,21.0988017,8577,2024-02-13 20:10:36,52.236745
158,20.999721,8578,2024-02-13 20:10:43,52.2272383
125,21.115815,8579,2024-02-13 20:10:31,52.23351
132,20.9686883,8580,2024-02-13 20:10:41,52.2719967
132,21.060383,8582,2024-02-13 20:10:50,52.314953
511,21.048378,8583,2024-02-13 18:20:05,52.264485
132,21.0674067,8584,2024-02-13 20:10:34,52.316325
705,21.0478917,8585,2024-02-13 20:10:52,52.26361
512,21.0742433,8586,2024-02-13 20:10:49,52.2857083
120,21.0521383,8587,2024-02-13 20:10:37,52.2529483
138,21.003485,8588,2024-02-13 20:10:48,52.1706417
190,21.043199,8589,2024-02-13 20:10:41,52.265981
527,21.047764,8590,2024-02-13 19:18:15,52.264555
E-2,21.04623,8591,2024-02-13 08:53:03,52.265148
509,21.028806,8592,2024-02-13 20:10:49,52.256848
414,21.047848,8593,2024-02-13 17:16:54,52.264625
340,21.048369,8594,2024-02-13 18:46:05,52.264368
Z26,20.956516,8595,2024-02-13 20:10:38,52.231034
148,21.0948983,8800,2024-02-13 20:10:50,52.2298253
136,20.9604658,8801,2024-02-13 20:10:45,52.216376
136,20.997493,8802,2024-02-13 20:10:47,52.1870613
504,21.0558126,8804,2024-02-13 20:10:51,52.131936
504,20.9966178,8805,2024-02-13 20:10:48,52.1859303
138,21.015825,8807,2024-02-13 20:10:52,52.2043954
174,20.9972228,8808,2024-02-13 20:10:47,52.1868961
148,20.9780636,8809,2024-02-13 20:10:48,52.1694778
187,21.017196,8810,2024-02-13 20:10:37,52.188879
308,20.9974318,8812,2024-02-13 19:31:06,52.1870875
240,21.047355,8813,2024-02-13 19:30:30,52.2645783
138,21.0346713,8814,2024-02-13 20:10:51,52.2551101
138,21.0514466,8815,2024-02-13 20:10:48,52.2387771
162,21.0272417,8816,2024-02-13 20:10:49,52.2597335
710,20.9968283,8817,2024-02-13 20:10:44,52.1875351
166,21.023796,8818,2024-02-13 20:10:39,52.225839
136,21.0431443,8819,2024-02-13 20:10:47,52.1481883
731,21.0008813,8820,2024-02-13 20:10:45,52.2912218
340,21.0482145,8821,2024-02-13 18:54:22,52.26417
140,21.0459456,8822,2024-02-13 19:37:13,52.2651016
166,20.9964668,8823,2024-02-13 20:10:51,52.1876235
174,20.9996588,8824,2024-02-13 20:10:50,52.2315031
128,20.9966848,8825,2024-02-13 20:10:49,52.1868476
187,20.9016636,8826,2024-02-13 20:10:51,52.1992338
183,21.0870283,8827,2024-02-13 20:10:44,52.2446871
411,21.117114,8828,2024-02-13 18:36:16,52.2333803
411,21.1164566,8829,2024-02-13 19:15:28,52.233466
182,20.9976045,8830,2024-02-13 20:10:49,52.2166721
143,21.178104,8832,2024-02-13 20:10:46,52.256971
704,21.3477653,8833,2024-02-13 20:10:49,52.2221439
151,21.1175225,8835,2024-02-13 18:26:59,52.2334283
182,21.113864,8837,2024-02-13 19:29:07,52.2341446
520,21.0119741,8839,2024-02-13 20:10:47,52.2289876
523,20.905076,8841,2024-02-13 20:10:49,52.255461
143,21.116776,8842,2024-02-13 19:36:31,52.2334751
136,20.996401,8843,2024-02-13 20:10:44,52.186953
143,21.0829328,8844,2024-02-13 20:10:44,52.240975
182,20.9644878,8845,2024-02-13 20:10:46,52.2178293
141,21.0781821,8846,2024-02-13 20:10:31,52.2352667
523,21.1162935,8848,2024-02-13 19:25:19,52.2343226
143,20.9924978,8850,2024-02-13 20:10:45,52.2163351
502,21.2408761,8851,2024-02-13 20:10:49,52.2231483
520,21.1558855,8852,2024-02-13 20:10:49,52.2403378
502,21.2173708,8853,2024-02-13 20:10:48,52.214343
143,21.1164406,8854,2024-02-13 20:10:50,52.2334263
523,20.962661,8855,2024-02-13 20:10:41,52.217086
140,21.048313,8856,2024-02-13 19:03:57,52.264393
731,20.9233351,8857,2024-02-13 20:10:50,52.4171048
738,21.052931,8858,2024-02-13 20:10:36,52.276478
723,21.0483523,8859,2024-02-13 15:56:21,52.2642061
520,21.0726891,8860,2024-02-13 20:10:44,52.2316028
E-2,21.0459081,8861,2024-02-13 19:43:35,52.265059
512,21.0670893,8862,2024-02-13 20:10:52,52.2899978
527,21.0461948,8863,2024-02-13 16:51:39,52.2650366
340,21.04613,8864,2024-02-13 18:41:07,52.265169
127,20.996504,8865,2024-02-13 20:10:33,52.226618
245,21.1312155,8867,2024-02-13 20:10:50,52.2800658
731,21.046396,8868,2024-02-13 20:10:42,52.264556
512,21.044511,8869,2024-02-13 16:58:03,52.265578
500,21.0481386,8870,2024-02-13 20:10:48,52.2862823
340,21.046503,8871,2024-02-13 19:22:25,52.265038
138,21.0885073,8872,2024-02-13 20:10:45,52.260654
245,21.042045,8873,2024-02-13 20:10:36,52.300426
140,21.082125,8874,2024-02-13 20:10:48,52.295241
140,21.0464075,8875,2024-02-13 20:10:48,52.2642255
738,21.0486853,8876,2024-02-13 18:26:55,52.2646183
500,21.0444031,8877,2024-02-13 17:00:33,52.2654966
138,21.0571041,8878,2024-02-13 20:10:50,52.2634341
140,21.0485366,8879,2024-02-13 18:36:19,52.2644521
504,21.053212,8880,2024-02-13 20:10:48,52.1340365
141,21.0999733,8881,2024-02-13 20:10:45,52.2388815
141,21.1129438,8882,2024-02-13 20:10:51,52.2362425
136,20.9858145,8883,2024-02-13 20:10:49,52.1924533
138,21.001523,8884,2024-02-13 20:10:43,52.195343
709,20.9964725,8885,2024-02-13 19:06:29,52.1875658
504,20.997174,8886,2024-02-13 20:10:40,52.226718
136,20.9975331,8889,2024-02-13 20:10:48,52.1875021
504,21.0337033,8890,2024-02-13 20:10:51,52.1500265
308,20.9964026,8891,2024-02-13 20:10:47,52.1875818
174,20.9968608,8892,2024-02-13 20:10:47,52.1697153
148,21.0873895,8893,2024-02-13 20:10:48,52.244774
504,20.9875443,8894,2024-02-13 20:10:43,52.2086058
504,21.0688631,8895,2024-02-13 20:10:49,52.1288373
187,20.9860573,8896,2024-02-13 20:10:46,52.2163303
148,21.0949778,8897,2024-02-13 20:10:48,52.2295571
148,21.050081,8898,2024-02-13 20:10:50,52.1781386
166,21.0437266,8899,2024-02-13 20:10:51,52.1506983
133,20.952461,9061,2024-02-13 20:10:24,52.317081
262,21.053677,9062,2024-02-13 20:10:51,52.276268
161,21.015358,9063,2024-02-13 12:13:54,52.318638
104,21.015991,9064,2024-02-13 01:21:36,52.318424
161,21.206821,9065,2024-02-13 20:10:45,52.182827
161,21.224655,9066,2024-02-13 19:54:29,52.186802
211,21.015612,9067,2024-02-13 20:10:20,52.318718
332,21.0153152,9068,2024-02-13 20:10:51,52.3180364
314,21.004766,9069,2024-02-13 20:10:41,52.309586
211,21.0157344,9070,2024-02-13 20:10:51,52.3186139
211,20.976845,9071,2024-02-13 20:10:50,52.303932
332,21.014973,9072,2024-02-13 20:09:52,52.318058
262,21.087896,9073,2024-02-13 20:10:38,52.286572
104,21.031099,9074,2024-02-13 20:10:47,52.293518
211,21.000998,9075,2024-02-13 20:10:48,52.291561
262,21.015331,9076,2024-02-13 20:07:03,52.318649
314,21.016071,9077,2024-02-13 16:55:09,52.318497
161,21.201738,9078,2024-02-13 20:10:51,52.170681
211,21.015541,9079,2024-02-13 19:44:13,52.318661
211,20.947149,9080,2024-02-12 21:33:30,52.332153
104,21.015163,9081,2024-02-13 18:59:38,52.318623
314,21.015562,9082,2024-02-13 20:10:25,52.31871
104,21.033398,9083,2024-02-13 20:10:47,52.334873
314,21.03912,9084,2024-02-13 20:10:43,52.358978
314,20.952951,9086,2024-02-13 20:10:49,52.317383
211,21.015888,9087,2024-02-13 13:21:17,52.318489
900,20.953579,9088,2024-02-13 20:10:34,52.35881
211,21.014549,9089,2024-02-13 20:10:22,52.31781
211,20.958311,9090,2024-02-13 20:10:52,52.325657
211,20.926567,9092,2024-02-13 20:10:46,52.351822
211,21.014952,9093,2024-02-13 19:54:39,52.318054
211,21.015223,9094,2024-02-13 20:10:48,52.31773
305,21.1492092,9201,2024-02-13 20:10:49,52.2385777
809,21.0384133,9202,2024-02-13 20:10:48,52.1537918
133,20.9823028,9203,2024-02-13 20:10:49,52.3555615
201,20.9251305,9204,2024-02-13 20:10:45,52.2606007
201,20.941308,9205,2024-02-13 20:10:51,52.245677
164,20.8822061,9206,2024-02-13 20:10:50,52.2079456
211,20.9515331,9207,2024-02-13 20:10:49,52.331868
164,21.13438,9208,2024-02-13 20:10:49,52.1493911
211,20.9447346,9210,2024-02-13 20:10:50,52.3514566
211,20.9868296,9211,2024-02-13 20:10:47,52.3028661
201,20.8823486,9212,2024-02-13 20:10:47,52.2079598
164,21.085271,9214,2024-02-13 20:10:50,52.193284
133,20.9510256,9215,2024-02-13 20:10:49,52.3175556
201,20.9321946,9219,2024-02-13 20:10:49,52.25738
133,20.8821864,9220,2024-02-13 20:10:49,52.2080634
201,20.926682,9226,2024-02-13 20:10:49,52.263033
209,20.9849337,9227,2024-02-13 20:10:51,52.1306088
209,20.9855951,9228,2024-02-13 20:10:51,52.1303401
203,20.9283975,9229,2024-02-13 20:10:52,52.2910403
203,20.9225801,9230,2024-02-13 17:50:52,52.2768438
239,21.0358497,9231,2024-02-13 20:10:37,52.1558293
264,21.103495,9232,2024-02-13 20:10:50,52.1272011
349,20.8829942,9242,2024-02-13 20:10:48,52.2067986
201,20.883647,9245,2024-02-13 20:10:49,52.206518
Z12,20.92935,9251,2024-02-13 20:10:46,52.290753
164,21.1349198,9252,2024-02-13 20:10:50,52.1487118
209,21.0383502,9253,2024-02-13 20:10:49,52.1542136
147,21.105068,9301,2024-02-13 20:10:44,52.211884
147,21.077635,9302,2024-02-10 10:12:12,52.267693
739,21.024273,9303,2024-02-13 20:10:44,52.179855
739,21.041773,9304,2024-02-13 07:11:53,52.0972447
147,21.0776494,9305,2024-02-13 14:29:40,52.2683971
234,21.050642,9311,2024-02-13 20:10:50,52.316116
179,21.06855,9312,2024-02-13 20:10:47,52.128929
135,21.1012696,9313,2024-02-13 08:57:34,52.2409387
196,21.077345,9314,2024-02-13 20:10:48,52.268848
179,21.03834,9315,2024-02-13 20:10:51,52.153351
142,21.242105,9316,2024-02-13 20:10:44,52.169926
179,21.024876,9317,2024-02-13 20:10:49,52.142601
198,21.077246,9318,2024-02-13 20:10:44,52.268898
198,21.2434602,9319,2024-02-13 14:31:38,52.2222624
179,21.054634,9320,2024-02-13 20:10:48,52.139008
256,21.066763,9321,2024-02-13 20:10:50,52.314217
142,21.094185,9322,2024-02-13 20:10:47,52.244122
135,21.036406,9323,2024-02-13 20:10:19,52.252277
142,21.17304,9324,2024-02-13 20:10:51,52.172409
179,21.050573,9325,2024-02-13 20:10:46,52.154926
147,21.051254,9326,2024-02-13 20:10:52,52.237808
147,21.077763,9327,2024-02-13 11:54:04,52.267822
147,21.242971,9328,2024-02-13 20:10:50,52.219181
135,21.027145,9329,2024-02-13 20:10:46,52.259583
256,21.077097,9330,2024-02-13 20:10:49,52.268826
739,21.051596,9331,2024-02-13 20:10:49,52.094166
135,21.077765,9332,2024-02-13 20:10:45,52.268719
135,21.084097,9333,2024-02-13 20:10:46,52.230492
179,21.068653,9334,2024-02-13 20:10:48,52.128895
739,21.01878,9335,2024-02-13 20:10:47,52.098122
142,21.076733,9336,2024-02-13 20:10:49,52.268707
256,21.065449,9337,2024-02-13 20:10:49,52.328011
135,21.077606,9338,2024-02-13 16:08:34,52.26807
135,21.105484,9339,2024-02-13 20:10:51,52.246571
196,21.160965,9340,2024-02-13 20:10:49,52.258797
179,21.03701,9341,2024-02-13 20:10:49,52.162064
196,21.1764196,9342,2024-02-13 05:53:43,52.2568079
147,21.077553,9343,2024-02-13 20:10:48,52.268806
234,21.03249,9344,2024-02-13 20:10:45,52.317612
179,21.04731,9345,2024-02-13 20:10:52,52.150875
234,21.067055,9346,2024-02-13 20:10:51,52.338703
179,21.021078,9347,2024-02-13 20:10:46,52.161541
179,21.059263,9348,2024-02-13 20:10:49,52.131241
739,21.024576,9349,2024-02-13 20:10:50,52.179157
198,21.222214,9350,2024-02-13 20:10:48,52.2397
135,21.077055,9351,2024-02-13 20:10:51,52.268711
179,21.036795,9352,2024-02-13 20:10:48,52.16201
179,21.077614,9353,2024-02-13 20:10:50,52.268772
739,21.0396539,9354,2024-02-13 14:01:33,52.0805145
142,21.15362,9355,2024-02-13 20:10:50,52.174854
179,21.063084,9356,2024-02-13 20:10:50,52.145847
135,21.0457189,9357,2024-02-13 08:13:56,52.2477366
198,21.223709,9358,2024-02-13 20:10:49,52.253796
142,21.087872,9359,2024-02-13 20:10:50,52.24461
326,21.015207,9402,2024-02-13 20:10:45,52.31794
226,21.015434,9403,2024-02-13 19:21:11,52.318451
356,21.015751,9404,2024-02-13 20:00:50,52.319099
516,20.935675,9405,2024-02-13 20:10:35,52.331146
103,20.945309,9411,2024-02-13 20:10:37,52.272091
326,21.015547,9412,2024-02-13 20:10:41,52.318535
103,20.969294,9413,2024-02-13 20:10:48,52.224796
103,20.96734,9414,2024-02-13 20:10:51,52.256744
152,21.056969,9415,2024-02-13 20:10:45,52.321762
356,21.015411,9416,2024-02-13 20:00:22,52.318497
326,21.015722,9417,2024-02-13 20:10:49,52.31908
326,20.964764,9418,2024-02-13 20:10:52,52.273636
103,21.01531,9419,2024-02-13 19:22:10,52.318623
516,20.952856,9420,2024-02-13 20:10:48,52.318989
103,20.926786,9421,2024-02-13 20:10:43,52.290195
152,20.969704,9422,2024-02-13 20:10:15,52.324131
157,20.987474,9423,2024-02-13 20:10:35,52.242901
157,20.997114,9424,2024-02-13 20:10:50,52.253723
157,21.015657,9425,2024-02-13 19:53:36,52.3186
157,20.981911,9426,2024-02-13 20:10:42,52.216843
176,21.015682,9427,2024-02-13 20:10:44,52.318722
176,20.982395,9428,2024-02-13 20:10:50,52.355434
516,20.942114,9429,2024-02-13 20:10:47,52.333935
516,21.000921,9430,2024-02-13 20:10:51,52.29113
176,21.011381,9431,2024-02-13 20:10:49,52.30048
157,20.976419,9432,2024-02-13 20:10:49,52.289848
152,21.05254,9433,2024-02-13 20:10:45,52.324711
176,21.015205,9434,2024-02-13 19:50:28,52.318604
326,21.053589,9435,2024-02-13 20:10:42,52.355301
157,20.963802,9436,2024-02-13 20:10:49,52.208008
516,20.994284,9437,2024-02-13 20:10:48,52.298458
152,20.96769,9438,2024-02-13 20:10:51,52.328297
157,20.990925,9439,2024-02-13 20:10:49,52.264046
356,21.015144,9440,2024-02-13 18:41:19,52.318478
103,20.954659,9441,2024-02-13 20:10:47,52.284866
743,20.847082,9442,2024-02-13 20:10:40,52.227684
356,21.015268,9443,2024-02-13 19:09:43,52.31842
743,21.015749,9444,2024-02-13 20:10:50,52.318558
103,20.969286,9445,2024-02-13 20:10:48,52.224827
326,21.030338,9446,2024-02-13 20:10:49,52.293587
326,21.048849,9447,2024-02-13 20:10:35,52.304157
152,21.015366,9448,2024-02-13 19:09:01,52.31842
157,21.015606,9449,2024-02-13 19:47:53,52.318565
157,20.975256,9450,2024-02-13 20:10:50,52.289288
516,21.015841,9451,2024-02-13 00:11:38,52.318707
103,20.968325,9452,2024-02-13 20:10:43,52.243793
103,21.015049,9453,2024-02-13 19:15:15,52.318619
103,20.927486,9454,2024-02-13 20:10:30,52.291664
157,20.963615,9455,2024-02-13 20:10:48,52.208088
157,20.992813,9456,2024-02-13 20:10:21,52.231659
743,20.881279,9457,2024-02-13 20:10:26,52.227886
326,21.020939,9458,2024-02-13 20:10:51,52.319138
152,20.952272,9459,2024-02-13 20:10:50,52.316853
146,21.0952105,946,2024-02-13 20:10:50,52.2185728
999,20.882712167,9501,2024-02-13 20:10:47,52.2073745
194,20.915317167,9502,2024-02-13 20:10:49,52.216918833
149,20.9138265,9503,2024-02-13 20:10:49,52.237889333
719,20.882992833,9505,2024-02-13 20:10:49,52.207556167
159,21.036268,9506,2024-02-13 20:10:51,52.221879167
149,20.898046,9507,2024-02-13 20:10:50,52.248820667
159,21.0368335,9508,2024-02-13 20:10:47,52.2217435
194,20.930931167,9509,2024-02-13 20:10:47,52.225075333
159,20.882279833,9510,2024-02-13 20:10:48,52.207624833
311,20.882451667,9511,2024-02-13 20:10:48,52.2077745
737,21.036791833,9512,2024-02-13 20:10:48,52.161943833
220,20.882502667,9513,2024-02-13 20:10:50,52.207552167
159,21.054801833,9514,2024-02-13 20:10:48,52.194344667
121,20.970979167,9515,2024-02-13 20:10:50,52.27213
194,20.9078195,9516,2024-02-13 20:10:50,52.204120667
159,20.993666,9517,2024-02-13 20:10:49,52.226088333
194,20.872520167,9518,2024-02-13 20:10:50,52.201879
715,21.018169833,9519,2024-02-13 20:10:48,52.132088833
737,20.9666995,9520,2024-02-13 20:10:50,52.076867333
121,20.969078833,9522,2024-02-13 20:10:47,52.271809
194,20.882308333,9523,2024-02-13 20:10:47,52.1962785
104,21.037080167,9524,2024-02-13 20:10:52,52.317162
194,20.9132755,9525,2024-02-13 20:10:47,52.210322333
220,20.882353833,9526,2024-02-13 19:45:02,52.206791833
220,20.896731167,9527,2024-02-13 20:10:49,52.202261333
185,20.882009333,9528,2024-02-13 20:10:47,52.207176833
149,20.897026,9529,2024-02-13 20:10:50,52.242405167
220,20.915161667,9530,2024-02-13 20:10:51,52.1775355
311,20.883048833,9531,2024-02-13 20:10:52,52.206424667
707,21.011239333,9532,2024-02-13 20:10:48,52.074103833
159,20.954488,9533,2024-02-13 20:10:48,52.2118965
220,20.914090167,9534,2024-02-13 20:10:52,52.2520705
220,20.883658667,9535,2024-02-12 08:42:58,52.206922167
220,20.894955667,9536,2024-02-13 20:10:47,52.211474167
707,20.883652833,9537,2024-02-13 20:10:43,52.206352167
715,21.031679333,9539,2024-02-13 20:10:50,52.1489475
715,20.943337,9540,2024-02-13 20:10:50,52.1751215
737,20.883931,9541,2024-02-13 20:10:47,52.206349667
159,20.984872167,9542,2024-02-13 20:10:51,52.221099
712,20.847627833,9543,2024-02-13 20:10:49,52.274813333
121,20.8833745,9545,2024-02-13 19:52:00,52.2061055
712,20.883027333,9547,2024-02-13 20:10:48,52.20715
220,20.925074,9548,2024-02-13 20:10:52,52.2607035
737,20.8828375,9549,2024-02-13 20:10:47,52.207290667
220,20.882744833,9550,2024-02-13 20:10:51,52.206876333
311,21.079155,9551,2024-02-13 20:10:48,52.221512
220,20.8982085,9552,2024-02-13 20:10:48,52.248997
159,21.054590167,9553,2024-02-13 20:10:50,52.194795667
121,20.925207167,9554,2024-02-13 20:10:50,52.272446833
715,20.936646333,9555,2024-02-13 20:10:50,52.169265833
311,21.094081167,9556,2024-02-13 20:10:50,52.227779333
194,20.882337,9557,2024-02-13 20:10:48,52.2077235
220,20.8828125,9558,2024-02-13 19:33:41,52.206807167
102,20.886980333,9559,2024-02-13 18:39:41,52.204631833
737,20.967885,9560,2024-02-13 20:10:51,52.081347833
159,20.954398833,9561,2024-02-13 20:10:49,52.211764
212,21.058331,9671,2024-02-13 00:01:26,52.30106
212,21.058455,9672,2024-02-13 20:10:04,52.301319
110,20.948559,9675,2024-02-13 20:10:49,52.276928
110,20.968477,9678,2024-02-13 20:10:52,52.272144
226,21.051533,9679,2024-02-13 20:10:46,52.313511
212,21.041868,9685,2024-02-13 20:10:49,52.270779
212,21.05575,9686,2024-02-13 20:10:50,52.26894
204,21.030563,9687,2024-02-13 20:10:46,52.29335
736,20.9850174,9689,2024-02-13 20:10:52,52.3070711
N14,21.014648,9690,2024-02-13 18:48:38,52.318485
226,21.047222,9693,2024-02-13 20:10:50,52.339954
226,21.030636,9694,2024-02-13 20:10:50,52.293587
212,21.013472,9696,2024-02-08 21:51:40,52.31842
212,21.026978,9697,2024-02-13 20:10:47,52.259659
212,21.040911,9698,2024-02-13 20:10:48,52.285244
204,21.031319,9699,2024-02-13 20:10:50,52.300652
167,20.882889,9801,2024-02-13 20:10:50,52.207337
167,20.989014,9802,2024-02-13 20:10:47,52.21616
185,21.061142,9803,2024-02-13 20:10:50,52.1851044
131,21.0205,9804,2024-02-13 20:10:48,52.21103
185,20.972939,9805,2024-02-13 20:10:50,52.281281
167,20.95396,9806,2024-02-13 20:10:38,52.22759
167,21.083092,9807,2024-02-13 20:10:49,52.20818
131,21.0690384,9808,2024-02-13 20:10:51,52.18129
167,20.882813,9809,2024-02-13 20:10:50,52.20723
167,21.032052,9810,2024-02-13 20:10:52,52.2071381
817,20.882752,9811,2024-02-13 20:10:48,52.20746
185,21.061387,9812,2024-02-13 20:10:48,52.18526
167,21.027306,9813,2024-02-13 20:10:50,52.21984
167,20.88225,9814,2024-02-09 16:25:51,52.207123
185,21.01389,9815,2024-02-13 20:10:50,52.25315
185,21.04315,9816,2024-02-13 20:10:50,52.2255
185,20.88244,9817,2024-02-13 20:10:51,52.20696
167,20.974991,9818,2024-02-13 20:10:52,52.21178
131,21.038125,9819,2024-02-13 20:10:52,52.20679
131,20.882851,9820,2024-02-13 20:10:49,52.207352
131,21.052475,9821,2024-02-13 20:10:48,52.19625
817,20.881936,9822,2024-02-13 20:10:49,52.207871
185,20.882798,9823,2024-02-13 20:10:49,52.20754
817,20.88328,9824,2024-02-13 20:10:50,52.20615
131,21.01517,9825,2024-02-13 20:10:52,52.22455
167,20.89637,9826,2024-02-13 20:10:49,52.24009
167,20.882775,9827,2024-02-13 20:10:48,52.207474
131,21.0041199,9828,2024-02-13 20:10:51,52.230301
131,21.048981,9829,2024-02-13 20:09:49,52.20641
817,20.88277,9830,2024-02-13 20:10:51,52.20734
131,21.0243531,9831,2024-02-13 20:10:52,52.21367
131,21.003502,9832,2024-02-13 20:10:49,52.22924
185,20.882683,9833,2024-02-13 20:10:50,52.206971
167,20.898003,9834,2024-02-13 20:10:49,52.255143
167,20.939904,9835,2024-02-13 20:10:49,52.23633
185,21.038704,9836,2024-02-13 20:10:48,52.14264
169,20.88262,9837,2024-02-13 20:10:49,52.20739
167,21.082894,9838,2024-02-13 20:10:51,52.20827
131,21.006012,9839,2024-02-13 20:10:46,52.22844
185,20.97733,9840,2024-02-13 20:10:51,52.27872
167,21.008423,9841,2024-02-13 20:10:50,52.20769
817,20.8826491,9842,2024-02-13 20:10:47,52.2075746
131,20.88251,9843,2024-02-13 20:10:48,52.2076
131,20.898598,9844,2024-02-13 20:10:47,52.201325
167,20.898453,9845,2024-02-13 20:10:29,52.251603
185,20.895691,9846,2024-02-13 20:10:44,52.20221
167,20.974968,9847,2024-02-13 20:10:32,52.21843
185,20.97507,9848,2024-02-13 20:10:42,52.14002
131,21.083993,9849,2024-02-13 20:10:48,52.168152
167,21.07728,9850,2024-02-13 20:10:51,52.20881
185,21.042321,9851,2024-02-13 20:10:47,52.15778
185,21.022,9853,2024-02-13 20:10:50,52.14267
131,21.064782,9854,2024-02-13 20:10:50,52.186112
112,20.87356,9901,2024-02-13 20:10:17,52.279034
210,20.926207,9902,2024-02-13 20:10:24,52.282738
210,20.925898,9903,2024-02-13 20:10:41,52.282593
112,20.8749026,9904,2024-02-13 11:17:34,52.2792999
114,20.874836,9905,2024-02-13 20:10:46,52.278294
186,20.942228,9906,2024-02-13 20:10:40,52.334152
186,20.978554,9907,2024-02-13 20:10:45,52.312256
112,20.9659,9908,2024-02-13 20:10:41,52.274067
114,20.938997,9909,2024-02-13 20:10:51,52.275082
150,20.874203,9910,2024-02-13 20:10:26,52.279037
193,21.020987,9911,2024-02-13 20:10:52,52.173073
193,21.03689,9912,2024-02-13 20:10:47,52.161926
210,20.826588,9913,2024-02-13 20:10:51,52.290817
186,20.977665,9914,2024-02-13 20:10:48,52.210587
186,20.874718,9915,2024-02-13 20:10:49,52.278976
210,20.928217,9916,2024-02-13 20:10:47,52.291065
193,21.036278,9917,2024-02-13 20:10:28,52.160568
193,20.995449,9918,2024-02-13 20:10:49,52.170193
719,20.874226,9919,2024-02-13 20:10:48,52.278973
112,20.875095,9920,2024-02-13 20:10:49,52.278965
114,21.030817,9921,2024-02-13 20:10:50,52.288342
186,20.965595,9922,2024-02-13 20:10:21,52.214886
186,20.875237,9923,2024-02-13 20:10:49,52.278793
114,20.917133,9925,2024-02-13 20:10:46,52.312916
186,20.963816,9926,2024-02-13 20:10:31,52.207794
114,20.875017,9927,2024-02-13 20:10:46,52.279316
114,20.991699,9928,2024-02-13 20:08:38,52.280884
719,20.873377,9929,2024-02-13 20:10:30,52.279217
N42,20.873781,9930,2024-02-13 08:20:09,52.279396
210,20.818787,9932,2024-02-13 20:10:47,52.29195
112,20.921314,9933,2024-02-13 20:10:49,52.314201
186,20.873718,9934,2024-02-13 19:37:49,52.279396
186,20.940998,9935,2024-02-13 20:10:26,52.328831
186,20.946833,9936,2024-02-13 20:10:35,52.321209
114,21.041485,9937,2024-02-13 20:10:45,52.291996
186,20.988491,9938,2024-02-13 20:10:52,52.303864
719,20.875261,9939,2024-02-13 20:10:50,52.279198
511,20.875155,9940,2024-02-13 20:10:48,52.279198
186,20.957754,9941,2024-02-13 20:10:49,52.242874
511,20.873585,9942,2024-02-09 13:24:36,52.279407
114,20.932823,9943,2024-02-13 20:10:14,52.305843
112,20.873251,9944,2024-02-13 20:10:46,52.279037
114,21.041828,9945,2024-02-13 20:10:47,52.300243
114,20.934616,9946,2024-02-13 20:10:51,52.27203
186,20.875099,9947,2024-02-13 15:26:57,52.279343
112,21.01804,9948,2023-11-28 21:56:56,52.291523
186,20.979769,9949,2024-02-13 20:10:23,52.208748
193,21.040588,9950,2024-02-13 20:10:51,52.170837
186,20.963797,9951,2024-02-13 20:10:41,52.207767
719,20.873463,9952,2024-02-13 20:10:43,52.279015
210,20.767363,9953,2024-02-13 20:10:39,52.307796
186,20.874567,9954,2024-02-13 20:10:50,52.278442
114,20.9307,9955,2024-02-13 20:09:51,52.29063
